doc_id,sentence
[조달청]홈페이지_3.기능요약,[SFR-001] 종합민원센터
[조달청]홈페이지_3.기능요약,[SFR-002] 조달신문고
[조달청]홈페이지_3.기능요약,[SFR-005] 청장과의 대화
[조달청]홈페이지_3.기능요약,[SFR-006] 칭찬합시다
[조달청]홈페이지_3.기능요약,[SFR-007] 고객별서비스안내
[조달청]홈페이지_3.기능요약,[SFR-008] 고객별업무안내
[조달청]홈페이지_3.기능요약,[SFR-011] 용역서비스
[조달청]홈페이지_3.기능요약,[SFR-016] 국유재산관리
[조달청]홈페이지_3.기능요약,[SFR-017] 정보공개방
[조달청]홈페이지_3.기능요약,[SFR-020] 업무별자료
[조달청]홈페이지_3.기능요약,[SFR-021] 국회정보공개방
[조달청]홈페이지_3.기능요약,[SFR-022] 자체감사활동
[조달청]홈페이지_3.기능요약,[SFR-023] 프로그램모음
[조달청]홈페이지_3.기능요약,[SFR-024] 제도발전연구회
[조달청]홈페이지_3.기능요약,[SFR-025] 조달업무평가광장
[조달청]홈페이지_3.기능요약,[SFR-026] 유동성지원
[조달청]홈페이지_3.기능요약,[SFR-027] 보도/해명자료
[조달청]홈페이지_3.기능요약,[SFR-028] 기고/인터뷰/강연자료
[조달청]홈페이지_3.기능요약,[SFR-032] 조달전시관
[조달청]홈페이지_3.기능요약,[SFR-033] 비젼및소개
[조달청]홈페이지_3.기능요약,[SFR-034] 청/차장소개
[조달청]홈페이지_3.기능요약,[SFR-035] 조직및기능
[조달청]홈페이지_3.기능요약,[SFR-036] 조달청연혁
[조달청]홈페이지_3.기능요약,[SFR-038] 사이버홍보관
[조달청]홈페이지_3.기능요약,[SFR-039] 조달청CI
[조달청]홈페이지_3.기능요약,[SFR-041] 관련사이트
[조달청]홈페이지_3.기능요약,[SFR-042] 웹접근성품질마크인증
[조달청]홈페이지_3.기능요약,[SFR-043] 조달서비스헌장
[조달청]홈페이지_3.기능요약,[SFR-044] 개인정보처리방침
[조달청]홈페이지_3.기능요약,[SFR-045] 저작권정책
[조달청]홈페이지_3.기능요약,[SFR-046] 웹사이트이용안내
[조달청]홈페이지_3.기능요약,[SFR-048] 웹사이트의견수렴
[조달청]홈페이지_3.기능요약,[SFR-049] Tender Notice
[조달청]홈페이지_3.기능요약,[SFR-050] Award Notice
[조달청]홈페이지_3.기능요약,[SFR-051] Relevant Law
[조달청]홈페이지_3.기능요약,[SFR-054] Publications
[조달청]홈페이지_3.기능요약,[SFR-055] Video Gallery
[조달청]홈페이지_3.기능요약,[SFR-056] Handbook of Excellent
[조달청]홈페이지_3.기능요약,[SFR-057] 2012 and onwards
[조달청]홈페이지_3.기능요약,[SFR-067] Administrator`s Message
[조달청]홈페이지_3.기능요약,[SFR-068] History
[조달청]홈페이지_3.기능요약,[SFR-069] Organization Chart
[조달청]홈페이지_3.기능요약,[SFR-070] Vision and Mission
[조달청]홈페이지_3.기능요약,[SFR-071] Role of PPS
[조달청]홈페이지_3.기능요약,[SFR-072] Major Business Plans
[조달청]홈페이지_3.기능요약,[SFR-073] Code of Conduct
[조달청]홈페이지_3.기능요약,[SFR-074] Statistics
[조달청]홈페이지_3.기능요약,[SFR-075] Overseas Procurement Offices
[조달청]홈페이지_3.기능요약,[SFR-076] How to visit PPS
[조달청]홈페이지_3.기능요약,[SFR-077] Domestic ProcureMent
[조달청]홈페이지_3.기능요약,[SFR-078] Foreign Procurement
[조달청]홈페이지_3.기능요약,[SFR-079] Construction Contracts
[조달청]홈페이지_3.기능요약,[SFR-080] Stockpile Management
[조달청]홈페이지_3.기능요약,[SFR-081] Property Management
[조달청]홈페이지_3.기능요약,[SFR-082] KONEPS
[조달청]홈페이지_3.기능요약,[SFR-084] 아이디/비밀번호
[조달청]홈페이지_3.기능요약,[SFR-087] 마이페이지
[조달청]홈페이지_3.기능요약,[SFR-089] 아이디/비밀번호
[조달청]홈페이지_3.기능요약,[SFR-094] 조달청은?
[조달청]홈페이지_3.기능요약,[SFR-095] 청훈및상징물
[조달청]홈페이지_3.기능요약,[SFR-096] 조달청역사
[조달청]홈페이지_3.기능요약,[SFR-097] 조달청조직
[조달청]홈페이지_3.기능요약,[SFR-098] 찾아오는길
[조달청]홈페이지_3.기능요약,[SFR-101] 나라장터운영
[조달청]홈페이지_3.기능요약,[SFR-102] 원자재비축
[조달청]홈페이지_3.기능요약,[SFR-104] 국구정책지원
[조달청]홈페이지_3.기능요약,[SFR-105] 문답으로배우는조달청
[조달청]홈페이지_3.기능요약,[SFR-106] 알고싶어요?
[조달청]홈페이지_3.기능요약,[SFR-107] 조달용어설명
[조달청]홈페이지_3.기능요약,[SFR-109] 조달청소식
[조달청]홈페이지_3.기능요약,[SFR-110] 추천사이트
[조달청]홈페이지_3.기능요약,[SFR-111] 비축업무개요
[조달청]홈페이지_3.기능요약,[SFR-115] 비축공고현황(Link)
[조달청]홈페이지_3.기능요약,[SFR-116] 비축물자자료실
[조달청]홈페이지_3.기능요약,[SFR-126] 품목별차트
[조달청]홈페이지_3.기능요약,[SFR-129] 경제용어해설
[조달청]홈페이지_3.기능요약,[SFR-130] 관련사이트
[조달청]홈페이지_3.기능요약,[SFR-133] 미션및추진전략
[조달청]홈페이지_3.기능요약,[SFR-135] 조직및업무
[조달청]홈페이지_3.기능요약,[SFR-136] 시설이용안내
[조달청]홈페이지_3.기능요약,[SFR-137] 서비스헌장
[조달청]홈페이지_3.기능요약,[SFR-139] 교육과정소개
[조달청]홈페이지_3.기능요약,[SFR-141] 교육생선발확인
[조달청]홈페이지_3.기능요약,[SFR-143] 교육자료실
[조달청]홈페이지_3.기능요약,[SFR-144] 교육신청안내
[조달청]홈페이지_3.기능요약,[SFR-147] 자주묻는질문
[조달청]홈페이지_3.기능요약,[SFR-152] 아이디/비밀번호
[조달청]홈페이지_3.기능요약,[SFR-154] 개인정보수정
[조달청]홈페이지_3.기능요약,[SFR-158] 사이버교육센터(Link)
[조달청]홈페이지_3.기능요약,[SFR-159] 해외조달정보센터
[조달청]홈페이지_3.기능요약,[SFR-163] 정부조달협상
[조달청]홈페이지_3.기능요약,[SFR-164] 진출가이드
[조달청]홈페이지_3.기능요약,[SFR-165] 해외입찰사이트
[조달청]홈페이지_3.기능요약,[SFR-166] 해외조달협력
[조달청]홈페이지_3.기능요약,[SFR-167] 조사자료실
[조달청]홈페이지_3.기능요약,[SFR-168] MAS등록매뉴얼
[조달청]홈페이지_3.기능요약,[SFR-169] e-Book
[조달청]홈페이지_3.기능요약,[SFR-170] 우수제품총람(외국어)
[조달청]홈페이지_3.기능요약,[SFR-173] 찾아오는길
[조달청]홈페이지_3.기능요약,[SFR-174] 개인정보취급방침
[조달청]홈페이지_3.기능요약,[SFR-175] 저작권정책
[조달청]홈페이지_3.기능요약,[SFR-176] 뷰어프로그램다운로드
[조달청]홈페이지_3.기능요약,[SFR-177] RSS서비스안내
[조달청]홈페이지_3.기능요약,[SFR-179] 종합민원안내
[조달청]홈페이지_3.기능요약,[SFR-180] 지방청장과의대화
[조달청]홈페이지_3.기능요약,[SFR-182] 조달신문고
[조달청]홈페이지_3.기능요약,[SFR-183] 행정정보공개방
[조달청]홈페이지_3.기능요약,[SFR-184] 관내생산물품조달정보
[조달청]홈페이지_3.기능요약,[SFR-185] 지방청자료실
[조달청]홈페이지_3.기능요약,[SFR-187] 부처별뉴스(Link)
[조달청]홈페이지_3.기능요약,[SFR-188] 지방청행상앨범
[조달청]홈페이지_3.기능요약,[SFR-189] 지방청소식
[조달청]홈페이지_3.기능요약,[SFR-191] 지방청연혁
[조달청]홈페이지_3.기능요약,[SFR-192] 조직및기능
[조달청]홈페이지_3.기능요약,[SFR-194] 중점추진업무
[조달청]홈페이지_3.기능요약,[SFR-196] 통합정보망소개
[조달청]홈페이지_3.기능요약,[SFR-197] 녹색관련자료
[조달청]홈페이지_3.기능요약,[SFR-198] 나라장터계약현황
[조달청]홈페이지_3.기능요약,[SFR-199] 녹색제품인증현황
[조달청]홈페이지_3.기능요약,[SFR-200] 녹색기술인증현황
[조달청]홈페이지_3.기능요약,[SFR-201] 녹색관련 법령/규정
[조달청]홈페이지_3.기능요약,[SFR-202] 녹색관련 통계정보
[조달청]홈페이지_3.기능요약,[SFR-203] 사용자 로그인
[조달청]홈페이지_3.기능요약,[SFR-205] 공공I-PIN실명확인
[조달청]홈페이지_3.기능요약,[SFR-206] 화면 확대/축소
[조달청]홈페이지_3.기능요약,[SFR-208] 권한그룹관리
[조달청]홈페이지_3.기능요약,[SFR-211] 부서권한관리
[조달청]홈페이지_3.기능요약,[SFR-212] 게시물통계
[조달청]홈페이지_3.기능요약,[SFR-213] 사용자통계
[조달청]홈페이지_3.기능요약,[SFR-217] 게시판생성관리
[조달청]홈페이지_3.기능요약,[SFR-218] 공지사항관리
[조달청]홈페이지_3.기능요약,[SFR-219] FAQ관리
[조달청]홈페이지_3.기능요약,[SFR-220] Q&A관리
[조달청]홈페이지_3.기능요약,[SFR-221] 유효게시판
[조달청]홈페이지_3.기능요약,[SFR-222] 자료실관리
[조달청]홈페이지_3.기능요약,[SFR-224] 만족도조사
[조달청]홈페이지_3.기능요약,[SFR-225] 증명서관리
[조달청]홈페이지_3.기능요약,[SFR-226] 부서일정관리
[조달청]홈페이지_3.기능요약,[SFR-229] 사용자관리
[조달청]홈페이지_3.기능요약,[SFR-231] 조직 관리
[조달청]홈페이지_3.기능요약,[SFR-232] 직원 관리
[조달청]홈페이지_3.기능요약,[SFR-233] 업무 관리
[조달청]홈페이지_3.기능요약,[SFR-234] 담당자실명제관리
[조달청]홈페이지_3.기능요약,[SFR-236] 저작권보호정책
[조달청]홈페이지_3.기능요약,[SFR-237] 개인정보보호정책확인
[조달청]홈페이지_3.기능요약,[SFR-242] 설문템플릿관리
[조달청]홈페이지_3.기능요약,[SFR-243] 응답자관리
[조달청]홈페이지_3.기능요약,[SFR-246] 사이트관리
[조달청]홈페이지_3.기능요약,[SFR-248] 추천사이트관리
[조달청]홈페이지_3.기능요약,[SFR-249] 팝업창관리
[조달청]홈페이지_3.기능요약,[SFR-250] 팝업존관리
[조달청]홈페이지_3.기능요약,[SFR-252] 파일 관리
[조달청]홈페이지_3.기능요약,[SFR-253] 최근검색어 조회
[조달청]홈페이지_3.기능요약,[SFR-254] 통합링크관리
[조달청]홈페이지_3.기능요약,[SFR-255] 공통분류코드
[조달청]홈페이지_3.기능요약,[SFR-256] 공통상세코드
[조달청]홈페이지_3.기능요약,[SFR-258] 우편번호주소찾기
[조달청]홈페이지_3.기능요약,[SFR-259] 우편번호관리
[조달청]홈페이지_3.기능요약,[SFR-261] 사용로그관리
[조달청]홈페이지_3.기능요약,[SFR-262] 송/수신로그관리
[조달청]홈페이지_3.기능요약,[SFR-263] 시스템이력관리
[조달청]홈페이지_3.기능요약,[SFR-264] 웹로그관리
[조달청]홈페이지_3.기능요약,[SFR-265] 접속로그관리
[조달청]홈페이지_3.기능요약,[SFR-267] 메뉴생성 관리
[조달청]홈페이지_3.기능요약,[SFR-268] 프로그램관리
[조달청]홈페이지_3.기능요약,[SFR-269] 장애신청관리
[조달청]홈페이지_3.기능요약,[SFR-270] 장애처리결과관리
[조달청]홈페이지_3.기능요약,[SFR-271] 시스템연계관리
[조달청]홈페이지_3.기능요약,[SFR-272] 연계현황관리
[조달청]홈페이지_3.기능요약,[SFR-273] 연계메시지관리
[조달청]홈페이지_3.기능요약,[SFR-274] 연계기관관리
[조달청]홈페이지_3.기능요약,[SFR-276] 프린터상태확인
[조달청]홈페이지_3.기능요약,[SFR-277] 클라이언트정보확인
[조달청]홈페이지_3.기능요약,[SFR-279] 파일업로드
[조달청]홈페이지_3.기능요약,[SFR-280] DB서비스모니터링
[조달청]홈페이지_3.기능요약,[SFR-281] HTTP서비스모니터링
[조달청]홈페이지_3.기능요약,[SFR-282] 웹표준검사
[조달청]홈페이지_3.기능요약,[SFR-283] 로그패턴분석
[조달청]홈페이지_4.성능요약,[PER-001] 웹 페이지 디스플레이 시간
[조달청]홈페이지_4.성능요약,[PER-002] 평균 처리시간 및 동시처리
[조달청]홈페이지_4.성능요약,[PER-003] 오류 응답 시간 및 지연 경고
[조달청]홈페이지_4.성능요약,[PER-004] 문서 조회-로딩-첨부저장 시간
[조달청]홈페이지_4.성능요약,[PER-005] 메인페이지 Display 시간
[조달청]홈페이지_4.성능요약,[PER-006] 시스템 자원 사용
[조달청]홈페이지_5.인터페이스요약,[SIR-001] 녹색관련 물품정보
[조달청]홈페이지_5.인터페이스요약,[SIR-002] 녹색관련 계약정보
[조달청]홈페이지_5.인터페이스요약,[SIR-003] 계약법규질의사례
[조달청]홈페이지_5.인터페이스요약,[SIR-004] 조달업무질의사례
[조달청]홈페이지_5.인터페이스요약,[SIR-005] 조달신문고 > 진정/건의
[조달청]홈페이지_5.인터페이스요약,[SIR-006] 조달신문고 > 불친절신고
[조달청]홈페이지_5.인터페이스요약,[SIR-007] 조달신문고 > 예산낭비신고
[조달청]홈페이지_5.인터페이스요약,[SIR-008] 조달신문고 > 부조리신고
[조달청]홈페이지_5.인터페이스요약,[SIR-009] 국민제안 > 예산절감
[조달청]홈페이지_5.인터페이스요약,[SIR-010] 국민제안 > 제도개선
[조달청]홈페이지_5.인터페이스요약,[SIR-011] 국민제안 > 규제개혁
[조달청]홈페이지_5.인터페이스요약,[SIR-012] 정책토론 > 전자공청회
[조달청]홈페이지_5.인터페이스요약,[SIR-013] 정책토론 > 정책포럼
[조달청]홈페이지_5.인터페이스요약,[SIR-014] 정책토론 > 설문조사
[조달청]홈페이지_5.인터페이스요약,[SIR-015] 110 정부민원안내 콜센터
[조달청]홈페이지_5.인터페이스요약,[SIR-016] Facebook
[조달청]홈페이지_5.인터페이스요약,[SIR-017] Twitter
[조달청]홈페이지_5.인터페이스요약,[SIR-019] 공공 I-PIN
[조달청]홈페이지_5.인터페이스요약,"[SIR-020] 대기전력저감우수제품, 에너지효율 1등급제품, 고효율에너지기자재"
[조달청]홈페이지_5.인터페이스요약,[SIR-021] 신·재생에너지설비인증
[조달청]홈페이지_5.인터페이스요약,[SIR-023] 우수재활용제품(GR)
[조달청]홈페이지_5.인터페이스요약,"[SIR-024] 녹색인증(기술, 사업, 전문기업)"
[조달청]홈페이지_5.인터페이스요약,[SIR-025] 구간암호화 SSL 연동
[조달청]홈페이지_5.인터페이스요약,[SIR-026] 개인정보보호 솔루션 연동
[조달청]홈페이지_5.인터페이스요약,[SIR-027] 웹 에디터 솔루션 연동
[조달청]홈페이지_5.인터페이스요약,[SIR-028] GUI 표준화
[조달청]홈페이지_5.인터페이스요약,[SIR-029] 스타일 시트 사용
[조달청]홈페이지_5.인터페이스요약,[SIR-030] 사이트 구성 및 디자인 설계
[조달청]홈페이지_5.인터페이스요약,[SIR-031] 디자인 시안 제작 및 의견 수렴
[조달청]홈페이지_5.인터페이스요약,[SIR-032] 메뉴체계 구성
[조달청]홈페이지_5.인터페이스요약,[SIR-033] 네비게이션 기능
[조달청]홈페이지_5.인터페이스요약,[SIR-034] 메인화면 구성
[조달청]홈페이지_5.인터페이스요약,[SIR-035] Cross Browser
[조달청]홈페이지_5.인터페이스요약,[SIR-036] 스크린 사이즈
[조달청]홈페이지_5.인터페이스요약,[SIR-037] 필수/선택 입력 항목 표시
[조달청]홈페이지_5.인터페이스요약,[SIR-038] 일정입력 방식
[조달청]홈페이지_5.인터페이스요약,[SIR-039] 대상 일괄 선택
[조달청]홈페이지_5.인터페이스요약,[SIR-040] 확인 및 에러 메시지 제공
[조달청]홈페이지_6.데이터요약,[DAR-001] 데이터베이스 재설계
[조달청]홈페이지_6.데이터요약,[DAR-002] 데이터 타입
[조달청]홈페이지_6.데이터요약,[DAR-003] 데이터 정합성 검증
[조달청]홈페이지_6.데이터요약,[DAR-004] 코드 체계
[조달청]홈페이지_6.데이터요약,[DAR-005] 초기데이터 구축 및 자료이관
[조달청]홈페이지_6.데이터요약,[DAR-006] 기초 데이터 업로드
[조달청]홈페이지_7.테스트요약,[TER-001] 시험 방안 수립
[조달청]홈페이지_8.보안요약,[SER-001] 세션 관리
[조달청]홈페이지_8.보안요약,[SER-002] 관리자 접근제어
[조달청]홈페이지_8.보안요약,[SER-003] 로그인 정책 및 인증방식
[조달청]홈페이지_8.보안요약,[SER-004] 사용자 계정 및 권한 관리
[조달청]홈페이지_8.보안요약,[SER-005] DB 및 APP 서버 접근제한
[조달청]홈페이지_8.보안요약,[SER-006] 개인정보 노출방지 등 개인정보보호 강화
[조달청]홈페이지_8.보안요약,[SER-007] 정보시스템 보안 요건
[조달청]홈페이지_8.보안요약,[SER-008] 조달청 누출금지 정보 관리
[조달청]홈페이지_8.보안요약,[SER-009] 데이터 암호화
[조달청]홈페이지_8.보안요약,[SER-010] 링크 보안
[조달청]홈페이지_8.보안요약,[SER-011] 응용프로그램 보안 코딩 및 웹 보안 취약점 제거
[조달청]홈페이지_9.품질요약,[QUR-002] 결함 관리
[조달청]홈페이지_9.품질요약,[QUR-003] 시스템 백업
[조달청]홈페이지_9.품질요약,[QUR-006] 사용 용이성
[조달청]홈페이지_9.품질요약,[QUR-007] 외국어 번역(영어)
[조달청]홈페이지_9.품질요약,[QUR-008] 기능 구현 정확성
[조달청]홈페이지_9.품질요약,[QUR-009] 시스템 업그레이드
[조달청]홈페이지_9.품질요약,[QUR-010] 무상 보증 대상 및 기간
[조달청]홈페이지_9.품질요약,[QUR-011] 시스템 확장
[조달청]홈페이지_9.품질요약,[QUR-012] 사용자 인증 및 제어
[조달청]홈페이지_9.품질요약,[QUR-013] 데이터 무결성
[조달청]홈페이지_10.제약요약,[COR-001] 기본 제약사항
[조달청]홈페이지_10.제약요약,[COR-002] 개발 및 운영환경
[조달청]홈페이지_10.제약요약,[COR-003] 개발 및 보안지침 준수
[조달청]홈페이지_10.제약요약,[COR-004] 웹 접근성 준수
[조달청]홈페이지_10.제약요약,[COR-005] 웹 표준 및 호환성 준수
[조달청]홈페이지_10.제약요약,[COR-006] 웹 취약점 점검
[조달청]홈페이지_10.제약요약,[COR-007] 반응형 웹 기술 적용
[조달청]홈페이지_10.제약요약,[COR-008] 지적재산권 관련
[조달청]홈페이지_10.제약요약,[COR-009] 공개 SW 사용
[조달청]홈페이지_11.관리요약,[PMR-001] 개발방법론 활용방안 제시
[조달청]홈페이지_11.관리요약,[PMR-002] 사업수행 계획 수립
[조달청]홈페이지_11.관리요약,[PMR-003] 사업수행조직 구성
[조달청]홈페이지_11.관리요약,[PMR-004] 투입 인력 일반 요건
[조달청]홈페이지_11.관리요약,[PMR-005] 투입 인력 자격 요건
[조달청]홈페이지_11.관리요약,[PMR-006] 투입 인력 및 장비 관리
[조달청]홈페이지_11.관리요약,[PMR-010] 산출물 관리
[조달청]홈페이지_11.관리요약,[PMR-011] 사용자 매뉴얼
[조달청]홈페이지_11.관리요약,[PMR-012] 운영자 매뉴얼
[조달청]홈페이지_11.관리요약,[PMR-013] 벤치마킹 수행
[조달청]홈페이지_11.관리요약,[PMR-014] 부서별 요구사항 분석
[조달청]홈페이지_11.관리요약,[PMR-016] 홈페이지 만족도 조사
[조달청]홈페이지_12.지원요약,[PSR-001] 기술이전 및 지원
[조달청]홈페이지_12.지원요약,[PSR-002] 장애관리 및 백업
[조달청]홈페이지_12.지원요약,[PSR-004] 하자·유지보수
[조달청]홈페이지_3.기능요구,"[SFR-001] 종합민원센터: 1. 종합민원안내, 계약법규질의 및 사례, 조달업무질의 및 사례 기능 제공
2. 기획재정부 유권해설사례 링크
3. 증명서 발급신청 기능 제공
4. 자주하는 질문(FAQ) 게시판 기능
  - 신규정책/전체검색 페이지
  - 등록/조달요청/입찰및계약/적격심사/계약관리/물품관리/비축물자/품질관리/기타 항목별 FAQ 제공
5. 110 정부민원안내콜센터 화면 연동"
[조달청]홈페이지_3.기능요구,"[SFR-002] 조달신문고: 1. 조달관련 신고
  - 조달신문고안내
  - 조달품질신문고
  - 본청 신문고 정보와 지방청별 신문고 정보 분류
2. 국민신문고 연계(www.epeople.go.kr)
  - 불친절신고, 예산낭비신고, 진정/건의, 부조리신고"
[조달청]홈페이지_3.기능요구,"[SFR-003] 국민제안: 1. 조달관련 국민제안 등록기능
  - 등록/공개제안/나의제안 기능구성
2. 국민신문고 연계(www.epeople.go.kr)
  - 예산절감, 제도개선, 규제개혁
3. 감사제안 및 E-정부조달모니터방 기능"
[조달청]홈페이지_3.기능요구,"[SFR-004] 정책토론: 1. 정책토론 게시판 기능 : 전자공청회, 정책포험
2. 정책관련 설문조사 기능"
[조달청]홈페이지_3.기능요구,"[SFR-005] 청장과의 대화: 1. 소통형 게시판기능
  - 청장 답변등록기능, 접수상태관리"
[조달청]홈페이지_3.기능요구,[SFR-006] 칭찬합시다: 1. 칭찬합시다 주제글 게시판기능
[조달청]홈페이지_3.기능요구,[SFR-007] 고객별서비스안내: - 수요기관/조달업체/일반시민
[조달청]홈페이지_3.기능요구,"[SFR-008] 고객별업무안내: 1. 업무안내의 담당부서명과 직원별 업무 정보연결
2. 수요기관안내, 업체등록/변경안내, 보증수납안내 정보안내"
[조달청]홈페이지_3.기능요구,"[SFR-009] 주요정책: 1. 우수제품, 우수조달공동상표물품 정보제공 및 관련게시판
2. 예산절감실천방안, 신기술제품 가격산정공시 정보 및 자료
3. 종합쇼핑몰 안내정보 및 자료
4. CM제도 관련정보 및 자료"
[조달청]홈페이지_3.기능요구,"[SFR-010] 물품구매: 1. 구매업무개요, 업무처리절차, 입찰절차, 계약방법, 계약종류, 특정조달계약, 제3자 단가계약에 대한 정보안내
2. 다수공급자계약제도안내에 대한 링크 서비스
3. 조달물품 전문기관 검사제도안내"
[조달청]홈페이지_3.기능요구,"[SFR-011] 용역서비스: 용역개요, 기술용역종류, 일반용역종류, 업무처리절차, 기술용역 행정소유일수, 계약방법, 낙찰자결정방법, 리스계약에 대한 정보안내"
[조달청]홈페이지_3.기능요구,"[SFR-012] 외자구매: 구매업무개요, 외자구매절차, 대금결제, 시설대여(리스)계약에 대한 정보안내"
[조달청]홈페이지_3.기능요구,"[SFR-013] 시설공사: 공사계약집행범위, 업무처리절차, 공사계약변경안내, 공사종류, 입찰방법, 낙찰자결정, 공사관리, 총사업비관리에 대한 정보안내"
[조달청]홈페이지_3.기능요구,[SFR-014] 비축물자: 비축물자웹사이트(www.pps.go.kr/reserve/) 링크
[조달청]홈페이지_3.기능요구,[SFR-015] 물품관리: RFID 물품관리웹사이트(rfid.g2b.go.kr) 링크
[조달청]홈페이지_3.기능요구,"[SFR-016] 국유재산관리: 국유재산개요, 국유재산의 일선관리, 비축용토지의 매입, 무주부동산취득에 대한 정보안내"
[조달청]홈페이지_3.기능요구,"[SFR-017] 정보공개방: 1. 정보공개제도안내 및 이에 따르는 자료실기능
2. 사전정보공표안내 및 이에 따르는 자료실기능
3. 월별정보, 간행물, 기록물보유 등 정보목록 공개게시판
4. 정보공개청구, 예산집행담당자안내 : 링크서비스"
[조달청]홈페이지_3.기능요구,"[SFR-018] 법령정보: 1. 조달관련법령, 훈령, 고시 정보안내
2. 공고 및 관련자료 : 업무별자료게시판 링크
3. 회계예규 및 법령조회 : 관련 정보사이트 링크서비스"
[조달청]홈페이지_3.기능요구,"[SFR-019] 정책자료: 1. 년도별 주요업무주진계획 안내
2. 연구/용역자료, 발간자료, 통계자료 게시판기능"
[조달청]홈페이지_3.기능요구,"[SFR-020] 업무별자료: 1. 자료형 게시판 기능
  - 내자구매, 외자구매, 시설공사, 비축물자, 품질관리
  - 시설공사지원정보, 서식자료실
2. 업무별 자료 링크서비스 : 물품관리, 나라장터운영규정
3. 정보화사업 검색서비스"
[조달청]홈페이지_3.기능요구,"[SFR-021] 국회정보공개방: 주요청책자료, 예산결산, 국회정책제언, 국회현장 관련 자료공유서비스"
[조달청]홈페이지_3.기능요구,"[SFR-022] 자체감사활동: 감사계획 자료 게시판, 감사결과 자료 게시판"
[조달청]홈페이지_3.기능요구,[SFR-023] 프로그램모음: 뷰어프로그램 등의 유용한 소프트웨어 다운로드
[조달청]홈페이지_3.기능요구,"[SFR-024] 제도발전연구회: 1. 공사계약제도발전연구회 : 안내, 의견게시판, 자료실
2. 국제조달제도발전연구회 : 안내, 공지/토론게시판, 자료실
3. 공사비책정제도발전연구회 : 안내, 의견게시판, 자료실
4. MAS발전연구회 : 안내, 의견게시판, 자료실
5. 정보화수발주선진화연구회 : 안내, 의견게시판, 자료실"
[조달청]홈페이지_3.기능요구,"[SFR-025] 조달업무평가광장: 1. 국민광장 : 안내 및 평가결과 자료다운로드, 의견게시판
2. 평가자료실"
[조달청]홈페이지_3.기능요구,[SFR-026] 유동성지원: 유동성지원관련 안내
[조달청]홈페이지_3.기능요구,"[SFR-027] 보도/해명자료: 보도자료게시판, 해명자료게시판, 부처별뉴스 링크"
[조달청]홈페이지_3.기능요구,[SFR-028] 기고/인터뷰/강연자료: 기고/인터뷰/강연자료 게시판
[조달청]홈페이지_3.기능요구,"[SFR-029] 영상자료: 동영상뉴스게시판, 사진뉴스게시판"
[조달청]홈페이지_3.기능요구,"[SFR-030] 간행물: 1. 격월간지 나라살림 희망샘터 : 년도별 격월간지 PDF 서비스
2. e-뉴스레터 희망샘터 : e-뉴스레터 PDF 서비스"
[조달청]홈페이지_3.기능요구,"[SFR-031] 공지사항: 1. 공지사항 게시판
2. 무주부동상 공고사항
3. 개방 공모직위 공개모집 게시판
4. 인사발령 정보 링크서비스"
[조달청]홈페이지_3.기능요구,"[SFR-032] 조달전시관: 홍보관일기 게시판, 방문신청하기 기능"
[조달청]홈페이지_3.기능요구,[SFR-033] 비젼및소개: 조달청 비젼 및 소개
[조달청]홈페이지_3.기능요구,"[SFR-034] 청/차장소개: 1. 청장인사말, 청장약력, 차장약력, 역대청장
2. 청차장동정 : 스케쥴러 기능제공"
[조달청]홈페이지_3.기능요구,"[SFR-035] 조직및기능: 1. 조직도 : 각 부서별 링크, 부서별 소개페이지 및 직원열람
2. 기능 및 역할안내 페이지"
[조달청]홈페이지_3.기능요구,[SFR-036] 조달청연혁: 조달청연혁 소개페이지
[조달청]홈페이지_3.기능요구,[SFR-037] 직원안내: 조달청 직원목록 및 직원검색기능 제공
[조달청]홈페이지_3.기능요구,[SFR-038] 사이버홍보관: 사이버홍보관 링크서비스
[조달청]홈페이지_3.기능요구,[SFR-039] 조달청CI: 조달청CI안내 및 다운로드 서비스
[조달청]홈페이지_3.기능요구,"[SFR-040] 오시는길: 1. 조달청 약도 및 방향별/교통별 안내페이지
2. 층별배치도 : 층별배치도 안내페이지"
[조달청]홈페이지_3.기능요구,"[SFR-041] 관련사이트: 정부기관(링크), 유관기관, 외국기관, 업무관련 사이트 링크안내페이지"
[조달청]홈페이지_3.기능요구,[SFR-042] 웹접근성품질마크인증: 웹접근성품질마크인증내역 안내페이지
[조달청]홈페이지_3.기능요구,"[SFR-043] 조달서비스헌장: 조달서비스헌장 전문, 원자재공급서비스, 물자구매/공급서비스, 시설공사계약서비스, 시설공사감리서비스, 나라장터서비스"
[조달청]홈페이지_3.기능요구,[SFR-044] 개인정보처리방침: 개인정보처리방침안내
[조달청]홈페이지_3.기능요구,[SFR-045] 저작권정책: 저작권정책 안내
[조달청]홈페이지_3.기능요구,[SFR-046] 웹사이트이용안내: 웹사이트이용안내
[조달청]홈페이지_3.기능요구,[SFR-047] 사이트맵: 사이트맵
[조달청]홈페이지_3.기능요구,[SFR-048] 웹사이트의견수렴: 웹사이트이용에 대한 의견수렵 게시판
[조달청]홈페이지_3.기능요구,"[SFR-049] Tender Notice: 국내 물품 입찰, 해외 물품 입찰, 공사, 용역, 원자재비축 등 입찰 정보 제공"
[조달청]홈페이지_3.기능요구,"[SFR-050] Award Notice: 국내 물품 입찰, 해외 물품 입찰, 공사, 용역, 원자재비축 등 계약 정보 제공"
[조달청]홈페이지_3.기능요구,"[SFR-051] Relevant Law: 조달관련법령, 기타"
[조달청]홈페이지_3.기능요구,[SFR-052] FAQ: 즐겨찾는질문과답변
[조달청]홈페이지_3.기능요구,[SFR-053] News: 조달청소식
[조달청]홈페이지_3.기능요구,[SFR-054] Publications: 출판물
[조달청]홈페이지_3.기능요구,[SFR-055] Video Gallery: 동영상 갤러리
[조달청]홈페이지_3.기능요구,[SFR-056] Handbook of Excellent: 우수조달물품 안내
[조달청]홈페이지_3.기능요구,[SFR-057] 2012 and onwards: 2012년 이후 국제협력사항
[조달청]홈페이지_3.기능요구,[SFR-058] 2011: 2011년 국제협력사항
[조달청]홈페이지_3.기능요구,[SFR-059] 2010: 2010년 국제협력사항
[조달청]홈페이지_3.기능요구,[SFR-060] 2009: 2009년 국제협력사항
[조달청]홈페이지_3.기능요구,[SFR-061] 2008: 2008년 국제협력사항
[조달청]홈페이지_3.기능요구,[SFR-062] 2007: 2007년 국제협력사항
[조달청]홈페이지_3.기능요구,[SFR-063] 2006: 2006년 국제협력사항
[조달청]홈페이지_3.기능요구,[SFR-064] 2005: 2005년 국제협력사항
[조달청]홈페이지_3.기능요구,[SFR-065] 2004: 2004년 국제협력사항
[조달청]홈페이지_3.기능요구,[SFR-066] 2003: 2003년 국제협력사항
[조달청]홈페이지_3.기능요구,[SFR-067] Administrator`s Message: 청장인사말
[조달청]홈페이지_3.기능요구,[SFR-068] History: 조달청연혁 소개페이지
[조달청]홈페이지_3.기능요구,[SFR-069] Organization Chart: 조직도 안내
[조달청]홈페이지_3.기능요구,[SFR-070] Vision and Mission: 비젼과 미션
[조달청]홈페이지_3.기능요구,[SFR-071] Role of PPS: 조달청의 역할
[조달청]홈페이지_3.기능요구,[SFR-072] Major Business Plans: 주요사업계획
[조달청]홈페이지_3.기능요구,[SFR-073] Code of Conduct: 행동강령
[조달청]홈페이지_3.기능요구,[SFR-074] Statistics: 년도별 조달사업 통계자료
[조달청]홈페이지_3.기능요구,[SFR-075] Overseas Procurement Offices: 해외조달사무소 안내
[조달청]홈페이지_3.기능요구,[SFR-076] How to visit PPS: 조달청 오시는길
[조달청]홈페이지_3.기능요구,[SFR-077] Domestic ProcureMent: 국내조달 안내
[조달청]홈페이지_3.기능요구,[SFR-078] Foreign Procurement: 해외조달 안내
[조달청]홈페이지_3.기능요구,[SFR-079] Construction Contracts: 건설계약 안내
[조달청]홈페이지_3.기능요구,[SFR-080] Stockpile Management: 비축관리 안내
[조달청]홈페이지_3.기능요구,[SFR-081] Property Management: 재산관리 안내
[조달청]홈페이지_3.기능요구,[SFR-082] KONEPS: 통합 한국 온라인 e-조달시스템 안내
[조달청]홈페이지_3.기능요구,[SFR-083] 로그인: 개인회원 로그인
[조달청]홈페이지_3.기능요구,[SFR-084] 아이디/비밀번호: 개인회원 계정정보 찾기
[조달청]홈페이지_3.기능요구,[SFR-085] 회원가입: 개인회원가입
[조달청]홈페이지_3.기능요구,[SFR-086] 채용정보: 채용정보(기업 및 채용분야) 목록 및 정보안내페이지
[조달청]홈페이지_3.기능요구,[SFR-087] 마이페이지: 개인회원 계정정보관리
[조달청]홈페이지_3.기능요구,[SFR-088] 로그인: 기업회원 로그인
[조달청]홈페이지_3.기능요구,[SFR-089] 아이디/비밀번호: 기업회원 계정정보 찾기
[조달청]홈페이지_3.기능요구,[SFR-090] 회원가입: 기업회원가입
[조달청]홈페이지_3.기능요구,[SFR-091] 채용정보: 채용정보(기업 및 채용분야) 목록 및 정보안내페이지
[조달청]홈페이지_3.기능요구,[SFR-092] 인재정보: 인재정보(인재정보 및 지원분야) 목록 및 정보열람 페이지
[조달청]홈페이지_3.기능요구,[SFR-093] 인사말: 인사말 소개페이지
[조달청]홈페이지_3.기능요구,[SFR-094] 조달청은?: 조달청 소개페이지
[조달청]홈페이지_3.기능요구,[SFR-095] 청훈및상징물: 청훈및상징물 소개페이지
[조달청]홈페이지_3.기능요구,[SFR-096] 조달청역사: 조달청역사 소개페이지
[조달청]홈페이지_3.기능요구,[SFR-097] 조달청조직: 조달청조직 소개페이지
[조달청]홈페이지_3.기능요구,[SFR-098] 찾아오는길: 찾아오는길
[조달청]홈페이지_3.기능요구,[SFR-099] 물품구매: 물품구매 소개페이지
[조달청]홈페이지_3.기능요구,[SFR-100] 공사계약: 공사계약 소개페이지
[조달청]홈페이지_3.기능요구,[SFR-101] 나라장터운영: 나라장터운영 소개페이지
[조달청]홈페이지_3.기능요구,[SFR-102] 원자재비축: 원자재비축 소개페이지
[조달청]홈페이지_3.기능요구,[SFR-103] 물품관리: 물품관리 소개페이지
[조달청]홈페이지_3.기능요구,[SFR-104] 국구정책지원: 국가정책지원 소개페이지
[조달청]홈페이지_3.기능요구,[SFR-105] 문답으로배우는조달청: 문답으로배우는조달청
[조달청]홈페이지_3.기능요구,[SFR-106] 알고싶어요?: 어린이 질문응답 게시판
[조달청]홈페이지_3.기능요구,[SFR-107] 조달용어설명: 조달용어설명 페이지
[조달청]홈페이지_3.기능요구,[SFR-108] 게임: 게임
[조달청]홈페이지_3.기능요구,[SFR-109] 조달청소식: 조달청 소식 게시판
[조달청]홈페이지_3.기능요구,[SFR-110] 추천사이트: 조달청 추천 사이트 링크
[조달청]홈페이지_3.기능요구,[SFR-111] 비축업무개요: 비축업무개요
[조달청]홈페이지_3.기능요구,"[SFR-112] 구매: 일반, 공동구매"
[조달청]홈페이지_3.기능요구,"[SFR-113] 판매: 일반, 대여"
[조달청]홈페이지_3.기능요구,[SFR-114] 비축시설: 비축시설 안내
[조달청]홈페이지_3.기능요구,[SFR-115] 비축공고현황(Link): 비축공고현황 링크서비스
[조달청]홈페이지_3.기능요구,[SFR-116] 비축물자자료실: 비축물자자료실 게시판
[조달청]홈페이지_3.기능요구,[SFR-117] 로그인: 회원로그인 화면
[조달청]홈페이지_3.기능요구,[SFR-118] 회원가입: 회원가입 등록화면
[조달청]홈페이지_3.기능요구,[SFR-119] 아이디/비밀번호: 계정찾기 기능
[조달청]홈페이지_3.기능요구,[SFR-120] 사이트맵: 사이트맵
[조달청]홈페이지_3.기능요구,[SFR-121] 개인정보수정: 개인정보수정
[조달청]홈페이지_3.기능요구,[SFR-122] 회원탈퇴: 회원탈퇴신청 페이지
[조달청]홈페이지_3.기능요구,[SFR-123] 설문조사: 회원전용 설문조사기능
[조달청]홈페이지_3.기능요구,[SFR-124] 일일가격: 일일가격 게시판기능
[조달청]홈페이지_3.기능요구,[SFR-125] 보고서: 보고서 게시판기능
[조달청]홈페이지_3.기능요구,[SFR-126] 품목별차트: 품목별 통계차트 기능
[조달청]홈페이지_3.기능요구,[SFR-127] 의견수렴: 국민의견수렴 게시판
[조달청]홈페이지_3.기능요구,[SFR-128] 공지사항: 공지사항 게시판
[조달청]홈페이지_3.기능요구,"[SFR-129] 경제용어해설: 경제용어해설집 : 한글자음별/알파벳별 색인기능, 단어검색기능"
[조달청]홈페이지_3.기능요구,[SFR-130] 관련사이트: 관련사이트 링크서비스
[조달청]홈페이지_3.기능요구,"[SFR-131] 비축뉴스: 1. 비축뉴스 게시판
2. 지난비축뉴스 열람기능"
[조달청]홈페이지_3.기능요구,[SFR-132] 인사말: 조달인력개발센터 인사말
[조달청]홈페이지_3.기능요구,[SFR-133] 미션및추진전략: 미션및추진전략 안내
[조달청]홈페이지_3.기능요구,[SFR-134] 연혁: 연혁 안내
[조달청]홈페이지_3.기능요구,[SFR-135] 조직및업무: 조직및업무 안내
[조달청]홈페이지_3.기능요구,[SFR-136] 시설이용안내: 시설이용안내
[조달청]홈페이지_3.기능요구,[SFR-137] 서비스헌장: 서비스헌장 안내
[조달청]홈페이지_3.기능요구,[SFR-138] 오시는길: 조달인력개발센터 약도 및 방향별/교통별 안내페이지
[조달청]홈페이지_3.기능요구,[SFR-139] 교육과정소개: 기초/전문교육별 교육과정소개
[조달청]홈페이지_3.기능요구,"[SFR-140] 교육일정: 1. 연간계획 : 년도별 과정에 따르는 월단위 교육계획정보 제공
2. 월별계획 : 월단위 교육과정계획정보 제공
3. 과정별계획 : 과정별 교육계획정보 제공
4. 과정별 상세내용"
[조달청]홈페이지_3.기능요구,[SFR-141] 교육생선발확인: 교육생선발관련한 알림 및 명단정보제공 게시판
[조달청]홈페이지_3.기능요구,"[SFR-142] 입교안내: 교육등록안내, 교육비안내 페이지"
[조달청]홈페이지_3.기능요구,[SFR-143] 교육자료실: 교육관련한 자료공유 게시판
[조달청]홈페이지_3.기능요구,[SFR-144] 교육신청안내: 교육신청에 관련한 안내페이지
[조달청]홈페이지_3.기능요구,[SFR-145] 교육신청: 교육과정 신청을 위한 등록처리 기능
[조달청]홈페이지_3.기능요구,[SFR-146] 공지사항: 조달인력개발센터 공지게시판
[조달청]홈페이지_3.기능요구,[SFR-147] 자주묻는질문: 자주묻는질문 안내
[조달청]홈페이지_3.기능요구,[SFR-148] 교육문의: 교육문의를 위한 게시판
[조달청]홈페이지_3.기능요구,[SFR-149] 교육후기: 교육후기 작성 게시판
[조달청]홈페이지_3.기능요구,[SFR-150] 로그인: 회원로그인 화면
[조달청]홈페이지_3.기능요구,[SFR-151] 회원가입: 회원가입 등록화면
[조달청]홈페이지_3.기능요구,[SFR-152] 아이디/비밀번호: 계정찾기 기능
[조달청]홈페이지_3.기능요구,[SFR-153] 사이트맵: 사이트맵
[조달청]홈페이지_3.기능요구,[SFR-154] 개인정보수정: 개인정보수정
[조달청]홈페이지_3.기능요구,[SFR-155] 회원탈퇴: 회원탈퇴신청 페이지
[조달청]홈페이지_3.기능요구,[SFR-156] 설문조사: 회원전용 설문조사기능 : 다양한 형태의 설문조사 관리기능요구
[조달청]홈페이지_3.기능요구,[SFR-157] 나의강의: 나의강의목록 정보
[조달청]홈페이지_3.기능요구,[SFR-158] 사이버교육센터(Link): 사이버교육센터 링크
[조달청]홈페이지_3.기능요구,[SFR-159] 해외조달정보센터: 해외조달정보센터 안내페이지
[조달청]홈페이지_3.기능요구,[SFR-160] 이용안내: 이용안내 페이지
[조달청]홈페이지_3.기능요구,[SFR-161] WTO: WTO 개요 및 협정문/양허표 다운로드 서비스
[조달청]홈페이지_3.기능요구,[SFR-162] FTA: FTA 개요 및 협정문/양허표 다운로드 서비스
[조달청]홈페이지_3.기능요구,[SFR-163] 정부조달협상: 정부조달협상 정보게시판 : 최근업데이트 자료기능 제공
[조달청]홈페이지_3.기능요구,[SFR-164] 진출가이드: 미국/캐나다/EU/영국/중국/일본/기타국가별 진출가이드 제공
[조달청]홈페이지_3.기능요구,[SFR-165] 해외입찰사이트: 국내 및 해외국가별 입찰사이트 링크서비스 제공
[조달청]홈페이지_3.기능요구,"[SFR-166] 해외조달협력: 1. 해외조달기관협력 정보 제공 : 기사형(썸네일이미지) 게시판 기능
2. 나라장터해외진출 정보 제공 : 기사형(썸네일이미지) 게시판 기능"
[조달청]홈페이지_3.기능요구,"[SFR-167] 조사자료실: 1. 해외조달동향 정보게시판 : 최근업데이트 자료기능 제공
2. 해외입찰정보게시판 : 최근업데이트 자료기능 제공"
[조달청]홈페이지_3.기능요구,[SFR-168] MAS등록매뉴얼: MAS등록매뉴얼 자료제공
[조달청]홈페이지_3.기능요구,[SFR-169] e-Book: 해외조달관련 e-Book 정보 : 링크서비스
[조달청]홈페이지_3.기능요구,[SFR-170] 우수제품총람(외국어): 우수제품총람(외국어) e-Book 정보 : 링크서비스
[조달청]홈페이지_3.기능요구,[SFR-171] 공지사항: 해외조달정보센터 공지사항 게시판
[조달청]홈페이지_3.기능요구,[SFR-172] FAQ: 자주묻는질문 게시판
[조달청]홈페이지_3.기능요구,[SFR-173] 찾아오는길: 해외조달정보센터 약도 및 방향별/교통별 안내페이지
[조달청]홈페이지_3.기능요구,[SFR-174] 개인정보취급방침: 개인정보취급방침
[조달청]홈페이지_3.기능요구,[SFR-175] 저작권정책: 저작권정책
[조달청]홈페이지_3.기능요구,[SFR-176] 뷰어프로그램다운로드: 뷰어프로그램다운로드
[조달청]홈페이지_3.기능요구,[SFR-177] RSS서비스안내: RSS서비스안내
[조달청]홈페이지_3.기능요구,[SFR-178] 사이트맵: 사이트맵
[조달청]홈페이지_3.기능요구,[SFR-179] 종합민원안내: 민원업무안내 페이지
[조달청]홈페이지_3.기능요구,"[SFR-180] 지방청장과의대화: 1. 소통형 민원등록기능
  - 지방청장 답변등록기능, 접수상태관리
2. 나의민원 확인기능"
[조달청]홈페이지_3.기능요구,"[SFR-181] FAQ: 1. 자주묻는질문 게시판
  - 전체검색 페이지
  - 등록/조달요청/입찰및계약/적격심사/계약관리/물품관리/비축물자/품질관리/기타 항목별 FAQ 제공"
[조달청]홈페이지_3.기능요구,"[SFR-182] 조달신문고: 1. 조달관련 신고
  - 조달신문고안내
  - 불친절신고
  - 본청 신문고 정보와 지방청별 신문고 정보 분류
2. 국민신문고 연계(www.epeople.go.kr)
  - 진정/건의, 부조리신고"
[조달청]홈페이지_3.기능요구,"[SFR-183] 행정정보공개방: 1. 정보공개안내
  - 정보공개제도 안내 및 업무처리절차 등 안내페이지
  - 서식자료실 및 행정정보소재안내 링크서비스
2. 사전정보공표
  - 사전정보공표안내, 국민생활관련정보, 대규모예산사용
  - 업무추진비 및 기타정보 제공
  - 자료게시판 기능
3. 정보공개청구 : 링크서비스
4. 정보목록 안내페이지
5. 주요결재문서 : 비공개 게시판기능"
[조달청]홈페이지_3.기능요구,[SFR-184] 관내생산물품조달정보: 물품별업체소개 및 공급단가 정보 : 게시판기능
[조달청]홈페이지_3.기능요구,[SFR-185] 지방청자료실: 업무별자료 및 시설관리자료 : 게시판기능
[조달청]홈페이지_3.기능요구,"[SFR-186] 공지사항: 1. 지방청 공지사항 게시판
2. 무주부동산 공고 게시판
3. 인사발령 : 링크서비스"
[조달청]홈페이지_3.기능요구,[SFR-187] 부처별뉴스(Link): 부처별뉴스 링크
[조달청]홈페이지_3.기능요구,[SFR-188] 지방청행상앨범: 지방청 행사정보 게시판 : 최신행사정보 썸네일/미리보기 기능제공
[조달청]홈페이지_3.기능요구,[SFR-189] 지방청소식: 지방청소식 게시판
[조달청]홈페이지_3.기능요구,"[SFR-190] 청장소개: 1. 청장인사말, 청장약력, 차장약력, 역대청장"
[조달청]홈페이지_3.기능요구,[SFR-191] 지방청연혁: 지방청연혁 안내
[조달청]홈페이지_3.기능요구,[SFR-192] 조직및기능: 부서별역할 및 직원정보 안내페이지
[조달청]홈페이지_3.기능요구,[SFR-193] 관할구역: 해당 지방청관할지역 안내페이지
[조달청]홈페이지_3.기능요구,[SFR-194] 중점추진업무: 중점추진업무 사항안내 페이지
[조달청]홈페이지_3.기능요구,"[SFR-195] 오시는길: 1. 지방조달청 약도 및 방향별/교통별 안내페이지
2. 층별배치도 : 층별배치도 안내페이지"
[조달청]홈페이지_3.기능요구,[SFR-196] 통합정보망소개: 통합정보망 소개페이지
[조달청]홈페이지_3.기능요구,[SFR-197] 녹색관련자료: 보도자료 및 게시물 정보 : 게시판기능
[조달청]홈페이지_3.기능요구,"[SFR-198] 나라장터계약현황: 1. 나라장터 계약현황
  - 인증구분별 검색기능
  - 카테고리별 색인서비스
  - 검색결과에 따른 계약현황 정보
2. 계약물품구매하기 : 링크서비스"
[조달청]홈페이지_3.기능요구,"[SFR-199] 녹색제품인증현황: 1. 고효율에너지기자재 인증
2. 대기전력저감 프로그램
3. 신/재생에너지 설비인증
4. 에너지 소비효율등급표시
5. 환경표시
6. GR(우수재활용)제품
7. 각페이지별 구성 요건
  - 인증제품 카테고리별 색인서비스
  - 해당인증 정보 및 인증기관 안내페이지"
[조달청]홈페이지_3.기능요구,"[SFR-200] 녹색기술인증현황: 1. 녹색기술인증
2. 녹색사업인증
3. 녹색전문기업인증
4. 각페이지별 구성 요건
  - 인증제품 카테고리별 색인서비스
  - 해당인증 정보 및 인증기관 안내페이지"
[조달청]홈페이지_3.기능요구,"[SFR-201] 녹색관련 법령/규정: 1. 녹색관련 법령 정보안내 페이지 : 법체처 연계링크
2. 녹색관련 규정 정보안내 게시판"
[조달청]홈페이지_3.기능요구,[SFR-202] 녹색관련 통계정보: 공공조달 녹색제품공급 통계자료 게시판
[조달청]홈페이지_3.기능요구,"[SFR-203] 사용자 로그인: 1. 사용자의 로그인 정보(ID/Password)를 입력 받아 사용자의 인증 처리
2. 관리자의 경우 특정 IP 또는 MAC Address 등에 의해 로그인을 제한하는 기능
3. 중복 로그인을 방지"
[조달청]홈페이지_3.기능요구,[SFR-204] 실명확인: 주민번호와 성명을 이용하여 실명확인서비스(예; 한국신용평가정보)와 연계하여 본인임을 확인하는 기능
[조달청]홈페이지_3.기능요구,[SFR-205] 공공I-PIN실명확인: 공공I-PIN(G-Pin)을 이용하여 공공I-PIN센터와 연계하여 실명을 확인하는 기능
[조달청]홈페이지_3.기능요구,[SFR-206] 화면 확대/축소: 모든 화면에서 글자를 크게 또는 작게 볼 수 있도록 확대/축소 기능을 배치
[조달청]홈페이지_3.기능요구,[SFR-207] 권한관리: 사용자에게 권한을 부여하고 관리하는 기능을 제공
[조달청]홈페이지_3.기능요구,[SFR-208] 권한그룹관리: 권한그룹을 관리하고 개별 사용자를 할당할 수 있는 기능을 제공
[조달청]홈페이지_3.기능요구,[SFR-209] 그룹관리: 사용자 그룹별 권한관리를 제공
[조달청]홈페이지_3.기능요구,[SFR-210] 역할관리: 사용자 역할에 따라 접근권한을 관리하는 기능을 제공
[조달청]홈페이지_3.기능요구,[SFR-211] 부서권한관리: 부서별로 권한을 부여하는 기능을 제공
[조달청]홈페이지_3.기능요구,"[SFR-212] 게시물통계: 각종 게시물 현황에 대한 통계자료를 게시판 유형, 게시판 템플릿, 게시판 속성에 따라 기간별(연도별, 월별, 일별)로 그래프와 텍스트 형태 두가지 방식으로 제공"
[조달청]홈페이지_3.기능요구,"[SFR-213] 사용자통계: 각종 사용자 현황에 대한 통계자료를 회원유형, 회원상태, 성별에 따라 기간별(연도별, 월별, 일별)로 그래프와 텍스트 형태 두가지 방식으로 제공"
[조달청]홈페이지_3.기능요구,"[SFR-214] 접속통계: 사용자가 접속한 현황에 대한 통계자료를 서비스, 개인별에 따라 기간별(연도별, 월별, 일별)로 그래프와 텍스트 형태 두가지 방식으로 제공"
[조달청]홈페이지_3.기능요구,"[SFR-215] 화면통계: 각종 화면현황에 대한 통계자료를 메뉴관리를 통하여 현재 서비스되고 있는 메뉴별에 따라 기간별(연도별, 월별, 일별)로 그래프와 텍스트 형태 두가지 방식으로 제공"
[조달청]홈페이지_3.기능요구,[SFR-216] 게시판: 사용자 간의 정보공유를 위해 공통으로 사용되는 게시판을 관리하는 기능을 제공
[조달청]홈페이지_3.기능요구,[SFR-217] 게시판생성관리: 게시판 생성과 관련하여 Setup 정보를 관리하는 기능을 제공
[조달청]홈페이지_3.기능요구,"[SFR-218] 공지사항관리: 공지사항을 등록하고 등록된 공지사항을 검색, 조회하는 기능을 제공"
[조달청]홈페이지_3.기능요구,[SFR-219] FAQ관리: 자주하는 질문에 대한 답변을 관리하는 기능을 제공
[조달청]홈페이지_3.기능요구,[SFR-220] Q&A관리: 질문과 답변 관리를 제공
[조달청]홈페이지_3.기능요구,[SFR-221] 유효게시판: 게시물의 유효일을 설정할 수 있는 게시판을 관리하는 기능을 제공
[조달청]홈페이지_3.기능요구,"[SFR-222] 자료실관리: 자료를 첨부파일로 등록하여 관리하며, 등록된 자료의 검색 및 조회, 다운로드 기능을 제공"
[조달청]홈페이지_3.기능요구,"[SFR-223] 댓글관리: 1. 게시판에 등록된 글에 대해 한 줄 댓글을 작성하는 기능을 제공
2. 게시판을 포함하여 모든 글쓰기 기능이 있는 메뉴에 대해 개인정보침해, 욕설, 비방 등 게시에 부적절한 자료 필터링 및 체크 기능 구현"
[조달청]홈페이지_3.기능요구,"[SFR-224] 만족도조사: Q&A등 게시판에 등록한 글에 대해 만족도를 만족, 보통, 미흡 등으로 조사하는 기능을 제공"
[조달청]홈페이지_3.기능요구,[SFR-225] 증명서관리: 경력/실적증명서 입력/수정/삭제/조회 관리 및 검색 기능 제공
[조달청]홈페이지_3.기능요구,[SFR-226] 부서일정관리: 부서원이 등록한 일정을 관리하고 일별/주간으로 조회하는 기능을 제공
[조달청]홈페이지_3.기능요구,[SFR-227] 일정관리: 공유일정으로 등록한 일정을 관리하고 일별/주간으로 조회하는 기능을 제공
[조달청]홈페이지_3.기능요구,[SFR-228] 전체일정: 전체 일정을 검색하고 조회하는 기능을 제공
[조달청]홈페이지_3.기능요구,"[SFR-229] 사용자관리: 특정 시스템을 사용하거나 관리하기 위한 사용자정보(ID, 비밀번호 등)를 관리하는 기능을 제공"
[조달청]홈페이지_3.기능요구,[SFR-230] 회원관리: 특정 시스템을 이용할 수 있는 회원의 가입 및 가입한 회원의 정보를 관리하는 기능을 제공
[조달청]홈페이지_3.기능요구,"[SFR-231] 조직 관리: 1. 조직정보에 대한 등록/수정/삭제 등 관리기능 제공
2. 조직정보를 조직도 및 직원정보 등에 자동 반영토록 구현"
[조달청]홈페이지_3.기능요구,[SFR-232] 직원 관리: 부서별 직원 등록/수정/삭제 관리
[조달청]홈페이지_3.기능요구,"[SFR-233] 업무 관리: 1. 부서별 업무 관리 기능
2. 부서의 추진 사업 현황 관리 기능"
[조달청]홈페이지_3.기능요구,[SFR-234] 담당자실명제관리: 모든 화면에 대한 업무담당 실명제 관리 기능 제공
[조달청]홈페이지_3.기능요구,[SFR-235] 약관관리: 회원가입에 따른 정보공유 동의여부 및 회원약관 동의여부를 확인하는 기능을 제공
[조달청]홈페이지_3.기능요구,[SFR-236] 저작권보호정책: 저작권보호정책에 대한 내용과 동의여부를 관리하는 기능을 제공
[조달청]홈페이지_3.기능요구,[SFR-237] 개인정보보호정책확인: 회원가입 및 이용안내 시 개인정보보호정책을 확인하는 기능을 제공
[조달청]홈페이지_3.기능요구,[SFR-238] 도움말: 응용 프로그램 사용에 필요한 정보 및 도움말을 제공하는 기능을 제공
[조달청]홈페이지_3.기능요구,[SFR-239] 용어사전: 용어사전을 관리하는 기능을 제공
[조달청]홈페이지_3.기능요구,"[SFR-240] 설문관리: 설문조사를 위한 기본 정보를 관리하는 기능을 제공(설문제목, 시작일자/종료일자, 설문조사대상, 응답내용 등)"
[조달청]홈페이지_3.기능요구,"[SFR-241] 설문조사: 설문조사 질문 중, 객관식/주관식 질문에 대한 답변기능을 제공"
[조달청]홈페이지_3.기능요구,[SFR-242] 설문템플릿관리: 설문문항 유형 및 질문/답변형식을 생성/수정 배포 할 수 있는 기능을 제공
[조달청]홈페이지_3.기능요구,[SFR-243] 응답자관리: 설문조사에 응한 답변자의 정보를 관리하는 기능을 제공
[조달청]홈페이지_3.기능요구,[SFR-244] 질문관리: 설문조사의 각 문항을 관리하는 기능을 제공
[조달청]홈페이지_3.기능요구,"[SFR-245] 항목관리: 설문조사 문항 중, 객관식 인 경우, 선택항목을 관리하는 기능을 제공"
[조달청]홈페이지_3.기능요구,"[SFR-246] 사이트관리: 사이트링크, 사이트정보, 사이트맵, 관련사이트, 추천사이트를 관리하는 기능을 제공"
[조달청]홈페이지_3.기능요구,[SFR-247] 사이트맵: 사용자들이 원하는 것을 쉽게 찾을 수 있도록 웹사이트맵 기능을 제공
[조달청]홈페이지_3.기능요구,[SFR-248] 추천사이트관리: 개인 추천 웹사이트관리 기능을 제공
[조달청]홈페이지_3.기능요구,[SFR-249] 팝업창관리: 관리자가 초기화면에 나타날 팝업창을 등록하고 사용자가 접속하면 나타나게 하는 기능을 제공
[조달청]홈페이지_3.기능요구,[SFR-250] 팝업존관리: 관리자가 초기화면에 나타날 팝업존을 등록하고 사용자가 접속하면 나타나게 하는 기능을 제공
[조달청]홈페이지_3.기능요구,[SFR-251] 배너관리: 배너이미지를 등록하면 메인화면에 반영되어 링크된 사이트로 이동하는 기능을 제공
[조달청]홈페이지_3.기능요구,[SFR-252] 파일 관리: 웹 페이지 내에 링크되는 파일들에 대한 관리기능 제공
[조달청]홈페이지_3.기능요구,[SFR-253] 최근검색어 조회: 검색창에서 최근 검색한 검색어를 리스트로 보여주는 기능을 제공
[조달청]홈페이지_3.기능요구,[SFR-254] 통합링크관리: 링크 사이트에 대한 통합링크 기능을 제공
[조달청]홈페이지_3.기능요구,[SFR-255] 공통분류코드: 공통코드의 그룹을 대표하는 공통분류코드를 관리하는 기능을 제공
[조달청]홈페이지_3.기능요구,[SFR-256] 공통상세코드: 공통분류코드에 대한 상세코드를 관리하는 기능을 제공
[조달청]홈페이지_3.기능요구,[SFR-257] 공통코드: 공통코드를 공통코드를 관리하는 기능을 제공
[조달청]홈페이지_3.기능요구,[SFR-258] 우편번호주소찾기: 우편번호를 선택하여 주소를 입력하는 기능을 제공
[조달청]홈페이지_3.기능요구,[SFR-259] 우편번호관리: 우편번호 정보를 관리하는 기능을 제공
[조달청]홈페이지_3.기능요구,"[SFR-260] 로그관리: 시스템 운영 시 발생한 각종 로그내용을 특정 조건으로 검색하고, 검색된 내용을 선택하여 조회하는 기능을 제공"
[조달청]홈페이지_3.기능요구,[SFR-261] 사용로그관리: 사용자가 시스템을 사용한 이력을 조회함
[조달청]홈페이지_3.기능요구,[SFR-262] 송/수신로그관리: 송/수신한 자료의 처리에 대한 이력을 관리
[조달청]홈페이지_3.기능요구,"[SFR-263] 시스템이력관리: 시스템 관리자가 각 시스템의 변동사항에 대한 이력사항을 등록하고 관리하며, 등록된 정보를 검색 및 조회할 수 있는 기능을 제공"
[조달청]홈페이지_3.기능요구,[SFR-264] 웹로그관리: 웹 기반 시스템의 로그를 처리
[조달청]홈페이지_3.기능요구,[SFR-265] 접속로그관리: 사용자가 시스템에 로그인/로그아웃한 이력을 관리
[조달청]홈페이지_3.기능요구,"[SFR-266] 메뉴관리: 메뉴를 생성하고 메뉴에 해당하는 화면을 나타나게 하는 관리기능을 제공
- 사이트별 1~3 depth 까지 메뉴 관리 기능
- 메뉴 추가/변경/삭제/검색 기능 제공
- 메뉴별 게시판 및 콘텐츠(HTML), Link 등 콘텐츠 지정 기능 제공"
[조달청]홈페이지_3.기능요구,[SFR-267] 메뉴생성 관리: 사용자 권한에 따라서 사용자 메뉴를 생성하는 기능을 제공
[조달청]홈페이지_3.기능요구,"[SFR-268] 프로그램관리: 프로그램 관리(등록,수정,삭제) 기능을 제공"
[조달청]홈페이지_3.기능요구,[SFR-269] 장애신청관리: 시스템 장애발생 시 장애내역을 등록하고 처리를 요청하는 기능을 제공
[조달청]홈페이지_3.기능요구,[SFR-270] 장애처리결과관리: 시스템 장애발생 시 장애조치내역을 등록하고 처리결과를 조회하는 기능을 제공
[조달청]홈페이지_3.기능요구,"[SFR-271] 시스템연계관리: 시스템을 연계하기 위한 안내와 연계신청 및 승인, 연계이력 등을 관리하는 기능을 제공"
[조달청]홈페이지_3.기능요구,"[SFR-272] 연계현황관리: 연계기관별, 연계방법별 현황을 등록하고 조회하는 기능을 제공"
[조달청]홈페이지_3.기능요구,[SFR-273] 연계메시지관리: 연계항목별 송수신하는 정보를 등록하여 조회하는 기능을 제공
[조달청]홈페이지_3.기능요구,"[SFR-274] 연계기관관리: 연계대상 시스템정보(IP, 포트정보 등)를 관리하는 기능을 제공"
[조달청]홈페이지_3.기능요구,[SFR-275] 화면인쇄: 인터넷 브라우저에서 화면의 범위를 지정하여 인쇄할 수 있는 기능을 제공
[조달청]홈페이지_3.기능요구,[SFR-276] 프린터상태확인: 인터넷 브라우저에서 인쇄/출력 시 프린터 상태 확인 팝업창을 보여주는 기능을 제공
[조달청]홈페이지_3.기능요구,"[SFR-277] 클라이언트정보확인: 웹 브라우저가 실행되고 있는 클라이언트 정보(웹 브라우저 버전, 클라이언트 IP주소 등)를 체크하는 기능을 제공"
[조달청]홈페이지_3.기능요구,[SFR-278] 파일보안: 암호화 알고리즘을 사용하여 파일을 암호화하고 복호화 하는 기능을 제공
[조달청]홈페이지_3.기능요구,[SFR-279] 파일업로드: 브라우저를 통해서 확인이 가능한 사용자의 저장소에 저장되어있는 파일을 개발프레임워크의 기능을 연동하여 표준 Http방식으로 서버로 업로드하는 기능을 제공
[조달청]홈페이지_3.기능요구,"[SFR-280] DB서비스모니터링: DB 접속을 통하여 주기적으로 해당 DB가 정상 서비스를 하고 있는지 모니터링하고, 문제 발생시 해당 정보를 관리자에게 통보하는 기능하는 기능을 제공"
[조달청]홈페이지_3.기능요구,"[SFR-281] HTTP서비스모니터링: 웹 서비스(웹서버 및 WAS 점검)가 정상적인지 주기적인 점검을 수행하고, 문제 발생시 해당 정보를 관리자에게 통보하는 기능을 제공"
[조달청]홈페이지_3.기능요구,[SFR-282] 웹표준검사: 브라우저 호환성을 위해 웹표준을 준수했는지를 검사하는 기능을 제공
[조달청]홈페이지_3.기능요구,[SFR-283] 로그패턴분석: 로그파일을 분석하여 특정 문자열 등의 패턴과 일치하는 내용을 추출하는 기능을 제공
[조달청]홈페이지_4.성능요구,"[PER-001] 웹 페이지 디스플레이 시간: 1. 시스템 구축, 운영, 백업, 시스템 감시 및 보안, 비상복구 방법을 포함하여 운영과 관련된 시스템 전반에 관한 기술이전계획을 구체적으로 제시
2. 시스템 구축기간 동안 조달청이 정보기술 자문과 관련자료를 요구하는 경우 이에 성실히 응해야 함
3. 시스템 구축 후 안정적인 운영을 위한 기술이전 계획 제시
4. 사업 완료 후 최소 3개월 동안 운영요원 1인이 상주하면서 구축한 시스템의 유지보수 활동을 하며, 발생 비용은 사업수행업체가 부담 
5. 응용 Application 유지보수를 위한 기술이전 방안 수립 및 기타 시스템 운용과 기능 향상 등에 필요한 기술 지원 계획 제시"
[조달청]홈페이지_4.성능요구,"[PER-002] 평균 처리시간 및 동시처리: 1. 시스템은 정상 상태에서 사용자의 건별 요청에 대한 처리를 3초 이내에 해야 함
2. 시스템은 정상 상태에서 100명 이상의 동시 로그인 사용자를 수용"
[조달청]홈페이지_4.성능요구,"[PER-003] 오류 응답 시간 및 지연 경고: 1. 사용자가 입력한 데이터 형식의 모든 오류는 사용자가 시스템에 그 정보를 입력한 지 1초 이하에 관련 오류 메시지를 사용자에게 제시
2. 통계 기능 등 20초 이상 소요되는 작업은 시작하는 시점에, 응답 지연이 될 수 있다는 메시지 제시(팝업 등)
3. 10초 이상 소요되는 작업은 작업 진행상황 디스플레이 (Status Bar 등)"
[조달청]홈페이지_4.성능요구,"[PER-004] 문서 조회-로딩-첨부저장 시간: 1. 문서목록 조회 시간
- 최하위 문서폴더에서 해당 문서 리스트가 로딩되는 소요 시간 3초 이내 기준
- 문서 리스트 건수 10건 기준
2. 문서 로딩 시간
- 문서 조회 권한을 가진 사용자가 조회시 문서가 로딩되는 소요 시간 10초 이내 기준
- 문서파일 사이즈 최대 100MB 기준
3. 문서첨부 저장 시간
- 문서를 첨부하여 통합문서관리 시스템에 저장되는 소요 시간 10초 이내 기준
- 문서파일 사이즈 최대 100MB 기준"
[조달청]홈페이지_4.성능요구,[PER-005] 메인페이지 Display 시간: 사용자가 로그인 또는 사이트에 접속하여 홈페이지 메인페이지 Display 시간 3초 이내 기준
[조달청]홈페이지_4.성능요구,"[PER-006] 시스템 자원 사용: 1. 기존 인프라 및 SW에 호환 및 성능이 보장되도록 구축
- Web, WAS, DB 서버 등
2. 시스템 자원(CPU, 메모리, 디스크) 평균 사용률은 최대 90%를 초과하지 않도록 고려
3. 개인정보보호 솔루션, 구간암호화(SSL), 실명인증, 공공I-PIN 등 기 구축되어 서비스 중인 어플리케이션 사용에 따른 안정성 및 성능 보장"
[조달청]홈페이지_5.인터페이스요구,"[SIR-001] 녹색관련 물품정보: 1. 시스템 구축, 운영, 백업, 시스템 감시 및 보안, 비상복구 방법을 포함하여 운영과 관련된 시스템 전반에 관한 기술이전계획을 구체적으로 제시
2. 시스템 구축기간 동안 조달청이 정보기술 자문과 관련자료를 요구하는 경우 이에 성실히 응해야 함
3. 시스템 구축 후 안정적인 운영을 위한 기술이전 계획 제시
4. 사업 완료 후 최소 3개월 동안 운영요원 1인이 상주하면서 구축한 시스템의 유지보수 활동을 하며, 발생 비용은 사업수행업체가 부담 
5. 응용 Application 유지보수를 위한 기술이전 방안 수립 및 기타 시스템 운용과 기능 향상 등에 필요한 기술 지원 계획 제시"
[조달청]홈페이지_5.인터페이스요구,"[SIR-002] 녹색관련 계약정보: 1. 연계(연동) 내용 및 정보 : 나라장터의 녹색관련 계약정보
2. 연계(연동) 방법 : 데이터 연계
3. 기관 및 사이트명 : 나라장터 DW"
[조달청]홈페이지_5.인터페이스요구,"[SIR-003] 계약법규질의사례: 1. 연계(연동) 내용 및 정보 : 신문고질의, 질의사례, 본인질의
2. 연계(연동) 방법 : 화면연동
3. 기관 및 사이트명 : 국민권익위원회"
[조달청]홈페이지_5.인터페이스요구,"[SIR-004] 조달업무질의사례: 1. 연계(연동) 내용 및 정보 : 신문고질의, 질의사례, 본인질의
2. 연계(연동) 방법 : 화면연동
3. 기관 및 사이트명 : 국민권익위원회"
[조달청]홈페이지_5.인터페이스요구,"[SIR-005] 조달신문고 > 진정/건의: 1. 연계(연동) 내용 및 정보 : 민원등록, 공개민원, 나의 민원
2. 연계(연동) 방법 : 화면연동
3. 기관 및 사이트명 : 국민권익위원회"
[조달청]홈페이지_5.인터페이스요구,"[SIR-006] 조달신문고 > 불친절신고: 1. 연계(연동) 내용 및 정보 : 신고하기, 나의신고
2. 연계(연동) 방법 : 화면연동
3. 기관 및 사이트명 : 국민권익위원회"
[조달청]홈페이지_5.인터페이스요구,"[SIR-007] 조달신문고 > 예산낭비신고: 1. 연계(연동) 내용 및 정보 : 예산낭비신고신청, 예산절감제안신청, 나의신고
2. 연계(연동) 방법 : 화면연동
3. 기관 및 사이트명 : 국민권익위원회"
[조달청]홈페이지_5.인터페이스요구,"[SIR-008] 조달신문고 > 부조리신고: 1. 연계(연동) 내용 및 정보 : 신고하기, 조회하기, 나의신고
2. 연계(연동) 방법 : 화면연동
3. 기관 및 사이트명 : 국민권익위원회"
[조달청]홈페이지_5.인터페이스요구,"[SIR-009] 국민제안 > 예산절감: 1. 연계(연동) 내용 및 정보 : 제안등록, 공개제안, 나의제안
2. 연계(연동) 방법 : 화면연동
3. 기관 및 사이트명 : 국민권익위원회"
[조달청]홈페이지_5.인터페이스요구,"[SIR-010] 국민제안 > 제도개선: 1. 연계(연동) 내용 및 정보 : 제안등록, 공개제안, 나의제안
2. 연계(연동) 방법 : 화면연동
3. 기관 및 사이트명 : 국민권익위원회"
[조달청]홈페이지_5.인터페이스요구,"[SIR-011] 국민제안 > 규제개혁: 1. 연계(연동) 내용 및 정보 : 제안등록, 공개제안, 나의제안
2. 연계(연동) 방법 : 화면연동
3. 기관 및 사이트명 : 국민권익위원회"
[조달청]홈페이지_5.인터페이스요구,"[SIR-012] 정책토론 > 전자공청회: 1. 연계(연동) 내용 및 정보 : 전자공청회 참여
2. 연계(연동) 방법 : 화면연동
3. 기관 및 사이트명 : 국민권익위원회"
[조달청]홈페이지_5.인터페이스요구,"[SIR-013] 정책토론 > 정책포럼: 1. 연계(연동) 내용 및 정보 : 정책포럼 조회
2. 연계(연동) 방법 : 화면연동
3. 기관 및 사이트명 : 국민권익위원회"
[조달청]홈페이지_5.인터페이스요구,"[SIR-014] 정책토론 > 설문조사: 1. 연계(연동) 내용 및 정보 : 설문조사 참여
2. 연계(연동) 방법 : 화면연동
3. 기관 및 사이트명 : 국민권익위원회"
[조달청]홈페이지_5.인터페이스요구,"[SIR-015] 110 정부민원안내 콜센터: 1. 연계(연동) 내용 및 정보 : 온라인 상담 신청
2. 연계(연동) 방법 : 화면연동
3. 기관 및 사이트명 : 국민권익위원회"
[조달청]홈페이지_5.인터페이스요구,"[SIR-016] Facebook: 1. 연계(연동) 내용 및 정보 : Facebook 화면
2. 연계(연동) 방법 : 화면연동
3. 기관 및 사이트명 : www.facebook. com"
[조달청]홈페이지_5.인터페이스요구,"[SIR-017] Twitter: 1. 연계(연동) 내용 및 정보 : Twitter 화면
2. 연계(연동) 방법 : 화면연동
3. 기관 및 사이트명 : www.twitter.com"
[조달청]홈페이지_5.인터페이스요구,"[SIR-018] 실명인증: 1. 연계(연동) 내용 및 정보 :  한국신용평가정보㈜ 실명확인 서비스
2. 연계(연동) 방법 : 화면연동
3. 기관 및 사이트명 : 한국신용평가정보㈜"
[조달청]홈페이지_5.인터페이스요구,"[SIR-019] 공공 I-PIN: 1. 연계(연동) 내용 및 정보 : 공공 I-PIN 실명확인 서비스
2. 연계(연동) 방법 : 화면연동
3. 기관 및 사이트명 : www.g-pin.go.kr"
[조달청]홈페이지_5.인터페이스요구,"[SIR-020] 대기전력저감우수제품, 에너지효율 1등급제품, 고효율에너지기자재: 1. 연계(연동) 내용 및 정보 : 대기전력저감우수제품, 에너지효율 1등급제품, 고효율에너지기자재 정보
2. 연계(연동) 방법 : 데이터 연계 또는 자료등록
3. 기관 및 사이트명 : 에너지관리공단(www.kemco.or.kr)"
[조달청]홈페이지_5.인터페이스요구,"[SIR-021] 신·재생에너지설비인증: 1. 연계(연동) 내용 및 정보 : 신·재생에너지설비인증 정보
2. 연계(연동) 방법 : 데이터 연계 또는 자료등록
3. 기관 및 사이트명 : 신·재생에너지센터(www.knrec.or.kr)"
[조달청]홈페이지_5.인터페이스요구,"[SIR-022] 환경표지: 1. 연계(연동) 내용 및 정보 : 환경표지 정보
2. 연계(연동) 방법 : 데이터 연계 또는 자료등록
3. 기관 및 사이트명 : 한국환경산업기술원(www.keiti.re.kr)"
[조달청]홈페이지_5.인터페이스요구,"[SIR-023] 우수재활용제품(GR): 1. 연계(연동) 내용 및 정보 : 우수재활용제품(GR) 정보
2. 연계(연동) 방법 : 데이터 연계 또는 자료등록
3. 기관 및 사이트명 : (사)자원순환산업진흥협회(www.gr.or.kr)"
[조달청]홈페이지_5.인터페이스요구,"[SIR-024] 녹색인증(기술, 사업, 전문기업): 1. 연계(연동) 내용 및 정보 : 녹색인증(기술,사업,전문기업) 정보
2. 연계(연동) 방법 : 데이터 연계 또는 자료등록
3. 기관 및 사이트명 : 한국산업기술진흥원(www.keiti.re.kr)"
[조달청]홈페이지_5.인터페이스요구,"[SIR-025] 구간암호화 SSL 연동: 1. 연계(연동) 내용 및 정보 : 구간암호화 SSL 연동
2. 연계(연동) 방법 : 데이터 연계
3. 솔루션명 : 보안서버 SSL"
[조달청]홈페이지_5.인터페이스요구,"[SIR-026] 개인정보보호 솔루션 연동: 1. 연계(연동) 내용 및 정보 : 개인정보보호 솔루션 연동
2. 연계(연동) 방법 : 솔루션 적용
3. 솔루션명 : 개인정보보호 S/W"
[조달청]홈페이지_5.인터페이스요구,"[SIR-027] 웹 에디터 솔루션 연동: 1. 연계(연동) 내용 및 정보 : 웹 에디터 솔루션 연동
2. 연계(연동) 방법 : 솔루션 적용
3. 솔루션명 : 웹 에디터 S/W"
[조달청]홈페이지_5.인터페이스요구,"[SIR-028] GUI 표준화: 1. Layout : 고정 창/팝업 창을 사용자 편의성 관점에서 구성하되, UI의 편의성 측면에서 참조하고자 하는 모든 창은 팝업 창으로 열고 사용자가 선택하여 닫을 수 있도록 설계
2. Color : 밝은 톤은 사용자의 혼란과 피로도를 가중시키므로 기능적인 부분을 부각하고 사용자 피로도를 최소화하는 블루 및 그레이 계열로 구성
3. Icon : 어떤 기능을 하느냐, 어떤 목적으로 쓰이느냐에 따른 직관적인 느낌의 아이콘 사용
4. Button : 화려하지 않고, 사용자에게 직관적이고, 친화적인 느낌의 버튼 사용
5. 인터페이스 : 특정 브라우저에 종속되지 않고, Web 환경하에서 플랫폼 독립적인 사용자 환경 지원"
[조달청]홈페이지_5.인터페이스요구,"[SIR-029] 스타일 시트 사용: 1. 컨텐츠와 디자인을 분리하고 디자인 요소에 대한 무결성을 보장하기 위하여 스타일 시트를 사용하여 디자인하여야 함
2. 스타일시트는 CSS, XSL을 적용함
3. 간격이나 들여쓰기 등에는 공백 문자를 사용하는 대신 NBSP(Non Breaking Space, &nbsp;, &#160)를 사용하며, 간단한 웹 페이지를 제외하고는 NBSP 대신 CSS(Cascade Style Sheets)를 사용함
4. 프레임 사용은 지양하나, 프레임 사용 시에는 상위에서 언급된 브라우저에서 본래 제공하려고 하는 컨텐츠의 깨짐 및 오동작 없도록 구성해야 함
5. 단, 패키지의 경우 지원이 안되는 특정 화면은 발주기관과 협의 가능"
[조달청]홈페이지_5.인터페이스요구,"[SIR-030] 사이트 구성 및 디자인 설계: 1. 실무부서 요구사항 분석 결과 및 벤치마킹 결과를 고려하여 사업부서와 협의를 통해 최종안을 제시(특히, 행정안전부 및 금융감독원 홈페이지 참조)
2. 모든 페이지는 칼라나 font 활용에 있어 사이트별 통일성을 염두에 두고 불필요한 칼라나 이미지, 아이덴티티를 저해하는 요소는 배제
3. 사이트 구조 및 디자인 방향은 콘텐츠에 대한 접근성 및 이용 편리성을 고려한 User Interface 를 지원
4. 링크가 적용된 배너, Text 자료, 이미지, 파일링크 등은 마우스 오버시 색깔 변경, 밑줄 등을 이용하여 명확하게 구분토록 구성
5. PC 및 모바일, Tablet 환경을 고려한 디자인 및 UI를 설계한다."
[조달청]홈페이지_5.인터페이스요구,"[SIR-031] 디자인 시안 제작 및 의견 수렴: 1. 사이트별 디자인 시안을 제작하여 실무부서 및 조달청 직원을 대상으로 의견 수렴하여 최종안을 선정
2. 디자인 시안은 조달청 홈페이지는 3개 안을 그외는 2개 안을 제작
3. 웹 사이트의 웹 Identity 확보를 위한 WSG(Web Style Guide)를 적용한다."
[조달청]홈페이지_5.인터페이스요구,"[SIR-032] 메뉴체계 구성: 1. 사용자의 콘텐츠 접근이 용이하도록 사이트별 메뉴체계를 재구성
2. 메인 네비게이션은 모든 최종페이지에 도달 가능하도록 전체 메뉴를 풀다운 방식으로 제공"
[조달청]홈페이지_5.인터페이스요구,"[SIR-033] 네비게이션 기능: 1. 모든 페이지에는 현재 위치에 대한 명확한 위치 정보를 표시
2. 각 단위 사이트별로 바로가기 퀵 메뉴를 제공"
[조달청]홈페이지_5.인터페이스요구,"[SIR-034] 메인화면 구성: 1. 메인화면을 크게 이미지 홍보영역, 정보검색, 커뮤니키이션 등의 영역으로 구분
2. 조달청 홈페이지의 이용자 유형별 맞춤메뉴를 별도 구성하여 제공
3. 조달청 홈페이지 메인화면에는 페이스북, 트위터, 블로그 등 소셜 소통창구 배치"
[조달청]홈페이지_5.인터페이스요구,"[SIR-035] Cross Browser: 1. 웹 표준 기반의 Client 표현기술을 적용하여, 일반사용자가 다양한 OS 플랫폼(Windows, iOS, 안드로이드, Linux등)과 다양한 브라우저(IE, 크롬, 사파리, 오페라 등) 환경에서 서비스 제공이 가능하도록 구현
2. 브라우저에서 웹 페이지 깨짐 및 오작동이 없어야 함 
3. 목표시스템 설계는 기 구축한 시스템을 포함한 통합사용 환경을 고려하여, 최적화된 Cross Browser 환경과 구축방안을 제시
4. 일부 사용자가 사용하는 기능은 UI 편의성을 고려하여 배제 가능(예: 운영기관의 관리기능 등)"
[조달청]홈페이지_5.인터페이스요구,"[SIR-036] 스크린 사이즈: 1. 특정 해상도에 최적화된 디자인은 지양하고, 스크린 및 구성요소 크기는 CSS를 사용하여 지정
2. 수평스크롤은 사용하지 않도록 설계(단, 출력용 조회 화면 등은 예외 가능)
3. 필요시 사용자의 스크린 사이즈별 유동적인 서비스 제공을 위한 서비스 대상 콘텐츠를 선정하여 조달청과 협의 후 확정"
[조달청]홈페이지_5.인터페이스요구,"[SIR-037] 필수/선택 입력 항목 표시: 1. 사용자가 필수로 입력해야 하는 항목과 선택 항목 표시
2. 필수 입력 항목을 미 입력 시 등록 및 수정되지 않도록 구현"
[조달청]홈페이지_5.인터페이스요구,"[SIR-038] 일정입력 방식: 1. 시스템에서 일정 입력 시, 직접 입력하거나 달력으로 선택하도록 폼을 제공
2. 단, 복수의 일정을 입력해야 하는 경우에는 직접 입력방식만 지원 가능함"
[조달청]홈페이지_5.인터페이스요구,"[SIR-039] 대상 일괄 선택: 대상 정보 목록에서 한 개 이상 또는 전체 항목을 선택하여   등록, 삭제할 수 있도록 지원"
[조달청]홈페이지_5.인터페이스요구,"[SIR-040] 확인 및 에러 메시지 제공: 1. 삭제, 입력정보 완료 혹은 미완료 후 저장 등 사용자의 수행 활동에 대한 메시지를 제공 등 활동에 대한 확인 메시지를 제공
2. 에러메시지 처리는 통일성 있게 처리"
[조달청]홈페이지_5.인터페이스요구,"[SIR-041] 모바일 홈페이지 구축: 홈페이지 주요 서비스를 선별하여 모바일 웹으로 제공
-주요서비스 화면 구성 등은 기본제안 사항 외에 조달청과 협의하여 구축"
[조달청]홈페이지_6.데이터요구,"[DAR-001] 데이터베이스 재설계: 1. 시스템 구축, 운영, 백업, 시스템 감시 및 보안, 비상복구 방법을 포함하여 운영과 관련된 시스템 전반에 관한 기술이전계획을 구체적으로 제시
2. 시스템 구축기간 동안 조달청이 정보기술 자문과 관련자료를 요구하는 경우 이에 성실히 응해야 함
3. 시스템 구축 후 안정적인 운영을 위한 기술이전 계획 제시
4. 사업 완료 후 최소 3개월 동안 운영요원 1인이 상주하면서 구축한 시스템의 유지보수 활동을 하며, 발생 비용은 사업수행업체가 부담 
5. 응용 Application 유지보수를 위한 기술이전 방안 수립 및 기타 시스템 운용과 기능 향상 등에 필요한 기술 지원 계획 제시"
[조달청]홈페이지_6.데이터요구,"[DAR-002] 데이터 타입: 타 시스템과 연동되는 데이터베이스의 데이터 타입은 [기본 데이터 타입(ANSI SQL92) 표준에 정의된 데이터 타입만을 사용하여야 하며, DBMS 종속적인 확장 데이터 타입]은 사용 불가"
[조달청]홈페이지_6.데이터요구,"[DAR-003] 데이터 정합성 검증: 1. 외부 데이터의 연계 시, 반드시 데이터의 정합성 체크 및 로그 유지
2. XML 데이터는 XML 스키마를 이용하여 반드시 데이터 정합성 검증"
[조달청]홈페이지_6.데이터요구,"[DAR-004] 코드 체계: 1. 시스템 관리 및 홈페이지 운영 상 필요한 기준 데이터를 비롯하여 조직정보, 사이트정보 등의 코드화하여 관리
2. 행정정보의 코드체계 적용시 행정표준코드관리시스템  (www.code.go.kr)의 행정표준코드 적용
3. 표준화된 코드 체계의 적용으로 통계 산출 및 데이터 연계 등에 활용"
[조달청]홈페이지_6.데이터요구,"[DAR-005] 초기데이터 구축 및 자료이관: 1. 기존 사이트별 DB 데이터를 재설계된 DB 구조에 맞게 이관
- 현행 홈페이지의 데이터에 대한 분석 후 이관대상 목록 및 이관 일정 등 세부계획을 사업 착수 후 조달청과 협의하여 시행
- 사이트별 이관 일정에 따른 투입인력, 이관방법 등 초기 데이터 구축에 대한 방안 제시
2. 자료이관 대상은 원칙적으로 기존 조달청 홈페이지 DB를 대상으로하며, 상세 이관 대상 데이터는 조달청과 협의하여 확정"
[조달청]홈페이지_6.데이터요구,[DAR-006] 기초 데이터 업로드: 엑셀파일 또는 텍스트 파일 형태로 조달청에서 관리하고 있는 조직정보 등의 기초 데이터를 쉽게 사용자 DB에 적재 등록 할 수 있는 기능 지원
[조달청]홈페이지_7.테스트요구,"[TER-001] 시험 방안 수립: 1. 시스템 구축, 운영, 백업, 시스템 감시 및 보안, 비상복구 방법을 포함하여 운영과 관련된 시스템 전반에 관한 기술이전계획을 구체적으로 제시
2. 시스템 구축기간 동안 조달청이 정보기술 자문과 관련자료를 요구하는 경우 이에 성실히 응해야 함
3. 시스템 구축 후 안정적인 운영을 위한 기술이전 계획 제시
4. 사업 완료 후 최소 3개월 동안 운영요원 1인이 상주하면서 구축한 시스템의 유지보수 활동을 하며, 발생 비용은 사업수행업체가 부담 
5. 응용 Application 유지보수를 위한 기술이전 방안 수립 및 기타 시스템 운용과 기능 향상 등에 필요한 기술 지원 계획 제시"
[조달청]홈페이지_7.테스트요구,"[TER-002] 결함관리: 1. 업무별 단위시험, 통합시험 등 테스트 결과 발생하는 결함에 대해 문서화하여 관리
2. 발생 결함에 대한 조치계획(조치일정, 조치담당자 등)을 수립하여 처리"
[조달청]홈페이지_8.보안요구,"[SER-001] 세션 관리: 1. 시스템 구축, 운영, 백업, 시스템 감시 및 보안, 비상복구 방법을 포함하여 운영과 관련된 시스템 전반에 관한 기술이전계획을 구체적으로 제시
2. 시스템 구축기간 동안 조달청이 정보기술 자문과 관련자료를 요구하는 경우 이에 성실히 응해야 함
3. 시스템 구축 후 안정적인 운영을 위한 기술이전 계획 제시
4. 사업 완료 후 최소 3개월 동안 운영요원 1인이 상주하면서 구축한 시스템의 유지보수 활동을 하며, 발생 비용은 사업수행업체가 부담 
5. 응용 Application 유지보수를 위한 기술이전 방안 수립 및 기타 시스템 운용과 기능 향상 등에 필요한 기술 지원 계획 제시"
[조달청]홈페이지_8.보안요구,"[SER-002] 관리자 접근제어: 1. 사이트별 홈페이지 관리 기능 접근 권한 설정
- 시스템운영자 및 지정된 사용자만 접근이 가능토록 관리
- 지정된 IP 및 MAC 주소로만 접근이 가능토록 관리
2. 관리자 계정 관리
- 서버의 ID 및 Password를 체계적으로 관리하고 보안 취약성을 제거
- 사용자 Password 가 5회 연속 틀린 경우 로그온을 제한"
[조달청]홈페이지_8.보안요구,"[SER-003] 로그인 정책 및 인증방식: 1. 회원 등록 사이트
- 등록된 회원 정보의 ID/Password 를 이용한 로그인
2. 회원 미등록 사이트
- 관리 게시물 등록 시 보안성 확보 및 사용자의 신원확인을 위해 실명인증 및 공공I-PIN 등의 실명확인 방법을 적용
3. 로그아웃 시 연관된 모든 페이지에서 계정에 대한 세션정보가 남지 않도록 처리
4. 정상적인 로그아웃과 마찬가지로 비정상적인 방법으로 페이지 이탈시에도 세션이 완벽하게 종료되도록 처리"
[조달청]홈페이지_8.보안요구,"[SER-004] 사용자 계정 및 권한 관리: 1. 사용자를 분류하여 등급 및 역할에 따라 정보 공개 및 접속 권한 설정․관리
- 사용자 유형(안) : 일반사용자, 업무담당자, 부서담당자, 홈페이지담당자, 시스템운영자 등
- 사용자 유형별 또는 사용자별 시스템 및 기능에 대한 접근 권한 부여
- 권한 관리는 개인별 또는 그룹별 일괄 관리가 가능토록 구현
3. 시스템에 보관되어 있는 각종 데이터와 사용자 인증정보의 올바른 보관과 활용을 위해 자료의 검색 및 조회에 대한 접근 권한을 규정하여 관리"
[조달청]홈페이지_8.보안요구,"[SER-005] DB 및 APP 서버 접근제한: 1. DB 및 APP 서버는 기본적으로 일반사용자의 임의 접근을 제한
2. 접근을 허가한 경우라도 업무와 연관된 DB 및 APP 서버만 접근 허가
3. 모든 DB 및 APP 서버의 접근은 관리자의 허가를 득한 후 사용"
[조달청]홈페이지_8.보안요구,"[SER-006] 개인정보 노출방지 등 개인정보보호 강화: 1. 개인정보보호를 위한 솔루션 적용
- 게시물 등의 개인정보 필터링 및 스캐닝을 위한 개인정보보호 솔루션 적용(기존 홈페이지의 솔루션 재활용)
2. 실명인증 또는 공공 I-PIN, 회원가입에 의한 로그인 및 회원정보 관리 시 구간암호화(SSL) 적용"
[조달청]홈페이지_8.보안요구,"[SER-007] 정보시스템 보안 요건: 1. 시스템 비인가자의 접근 및 정보시스템의 불법적인 접근을   차단하기 위해 사용자별 또는 그룹별로 접근 권한을 부여해야  하며, 조달청 정보시스템의 정책을 준수
2. 정보시스템 관리자가 업무별, 데이터별 중요도에 따라   각 기능별로 접근 권한을 차등 부여할 수 있도록 구축
3. 웹 사이트는 위조·변조를 방지할 수 있도록 구축
4. 웹 서버 및 웹 어플리케이션 보안은 취약점 공격으로부터   웹 사이트 내용 및 내부 데이터 보호 가능"
[조달청]홈페이지_8.보안요구,"[SER-008] 조달청 누출금지 정보 관리: 1. 정보시스템 개발 및 운영관련 정보
- 조달청 전산시스템의 내․외부 IP주소 현황
- 전산시스템 아키텍처 구성현황 및 네트워크 구성도
- 조달청 정보시스템 보안체계(모의해킹 및 보안장비 구성도 등) 자료
- 용역사업 결과물 및 프로그램 소스코드(ERD 등 산출물)
- 조달청 정보시스템 관리자 정보(계정 및 패스워드 등 시스템 접근권한 정보 등)
2. 관련 법령에서 규정한 비공개 정보
- 공공기관의 정보공개에 관한 법률 제9조 제1항 각호 및     조달청 정보공개 운영규정
- 공공기관 개인정보보호에 관한 법률 제2조 제2호의 개인정보
-보안업무규정 제4조의 비밀, 동 시행규칙 제7조 제3항의 대외비
3. 기타 정보
- 인사․정책․예산․구매․계약 등 조달청 및 관련기관의 각종 보고서 및 문서
- 조달청 직원 및 내부업무를 위해 보유하고 있는 개인정보"
[조달청]홈페이지_8.보안요구,"[SER-009] 데이터 암호화: 1. 패스워드, 개인정보 등은 반드시 암호화하여 DB에 저장
2. 보안이 필요한 정보는 소스코드에 직접 하드코딩 불가"
[조달청]홈페이지_8.보안요구,"[SER-010] 링크 보안: 1. URL에 특수 문자를 제한
2. 중요 시스템 접근 URL 이나 파일/Path가 웹 브라우저 주소창에 보이지 않도록 구현하여 정해진 경로를 통한 접근을 방지(단, 문서 위치 정보 URL은 제외)"
[조달청]홈페이지_8.보안요구,"[SER-011] 응용프로그램 보안 코딩 및 웹 보안 취약점 제거: 1. 시스템 개발 시 OS, 웹서버 등의 보안패치를 실시
2. 초기 개발 단계부터 소프트웨어 개발보안 및 홈페이지 SW(웹) 개발 가이드를 적용하여 모든 응용소프트웨어 개발
3. 웹 취약점 점검/제거 및 결과 보고서 제출
- OWASP Top.10 권고안 포함 웹 취약점 점검
- 국가정보원의 8대 취약점 대상으로 점검
- 웹 취약점 점검 결과보고서 작성 및 제출"
[조달청]홈페이지_9.품질요구,"[QUR-001] 가용성: 1. 시스템 구축, 운영, 백업, 시스템 감시 및 보안, 비상복구 방법을 포함하여 운영과 관련된 시스템 전반에 관한 기술이전계획을 구체적으로 제시
2. 시스템 구축기간 동안 조달청이 정보기술 자문과 관련자료를 요구하는 경우 이에 성실히 응해야 함
3. 시스템 구축 후 안정적인 운영을 위한 기술이전 계획 제시
4. 사업 완료 후 최소 3개월 동안 운영요원 1인이 상주하면서 구축한 시스템의 유지보수 활동을 하며, 발생 비용은 사업수행업체가 부담 
5. 응용 Application 유지보수를 위한 기술이전 방안 수립 및 기타 시스템 운용과 기능 향상 등에 필요한 기술 지원 계획 제시"
[조달청]홈페이지_9.품질요구,"[QUR-002] 결함 관리: 1. 시범 운영기간 동안 발견된 결함 수와 결함의 지속 시간 측정
2. 결함의 지속시간이 장시간 길어지는 경우 비상 대책을 발주기관에 수립 및 보고
3. 발견된 결함은 시스템 오픈 이전에 모두 조치한 후 오픈"
[조달청]홈페이지_9.품질요구,"[QUR-003] 시스템 백업: 1. 시스템은 신속한 장애 대응을 위하여 현 운영환경(어플리케이션 및 DB 서버 이중화)을 그대로 적용
2. 시스템 백업은 현재 조달청 백업 환경을 그대로 적용"
[조달청]홈페이지_9.품질요구,"[QUR-004] 학습성: 1. 상세한 사용자 등록, 보안, 접근절차 등을 포함하는 사용자 지침서(사용자 매뉴얼)을 제공
- 시스템 이용 편의 사항 안내 및 사용절차 등 작성
- 장애 발생시 조치방법 및 사용법 설명"
[조달청]홈페이지_9.품질요구,"[QUR-005] 이해성: 1. 시스템 주요기능 및 맵을 작성하여 사용자 편의 증진
2. 시스템 사용 및 정보관리방법 작성(운영자 매뉴얼)
- 시스템 또는 프로그램을 설치하거나 제거하기 위한 정보를 제공"
[조달청]홈페이지_9.품질요구,"[QUR-006] 사용 용이성: 1. 각 기능에 도달하기 위한 메뉴의 Depth는 3단계 이하로 구현
2. 모든 시스템은 사용 방법 및 Look&Feel의 일관성 유지
3. 정보 조회시, 관련 정보의 Link가 함께 제공되어 사용자의 정보 확인 및 추적이 용이토록 구현
4. Coloring 및 자동 분류를 통한 유사 정보들 간의 구분을 용이하게 구현"
[조달청]홈페이지_9.품질요구,"[QUR-007] 외국어 번역(영어): 1. 영문 외국어 번역은 전문번역자가 번역
2. 번역 감수는 현지인 수준의 감수자에게 콘텐츠에 대한 감수
3. 번역자, 감수자 이력/확인서 제출
4. 번역/감수 결과에 대해 조달청 자체적인 검토 후 웹 사이트에 반영"
[조달청]홈페이지_9.품질요구,"[QUR-008] 기능 구현 정확성: 1. 시스템 구축시 제공되기로 한 요구사항을 모두 수용하여 구현
- 사업수행자는 요구사항에 대해 변경해야 할 경우 발주기관과 협의하여 요구사항을 충족시킬 수 있는 최적의 방안 제시 후 대체
2. 위와 같이 초기 협의한 요구사항을 변경할 경우 변경관리 절차를 통해 발주기관의 승인을 획득한 요구사항을 최종 Baseline으로 간주
3. 제공되기로 한 요구사항을 제공하는지 여부는 각 기능 요구사항의 검증(테스트) 활동을 통해 예상된 결과가 도출되었을 경우 요구사항을 제공한 것으로 평가 
4. 기능 구현 정확성은 사용자가 직접 테스트 수행 기간에 테스트를 수행함으로써 평가하며, 사업수행자는 사용자 테스트를 지원"
[조달청]홈페이지_9.품질요구,"[QUR-009] 시스템 업그레이드: 1.시스템은 새로운 기능을 구현하기 위해 필요한 경우 조달청과 협의하에 업그레이드 실시
2.시스템은 보안사고 예방, 성능 개선 등이 발생하는 경우 패치 실시"
[조달청]홈페이지_9.품질요구,"[QUR-010] 무상 보증 대상 및 기간: 1.시스템의 무상유지보수는 개발 소프트웨어, 하드웨어, 소프트웨어 등 시스템 전체를 대상으로함
2. 시스템의 무상보증기간은 검수완료일로부터 12개월로 하며 단 납품 물품 중 무상보증기간이 12개월 이상인 경우 그에 따름"
[조달청]홈페이지_9.품질요구,"[QUR-011] 시스템 확장: 1. 시스템 확장 시 데이터의 재분배 없이 수평적인 확장이 가능하도록 구현
2. 시스템이 확장될 때 성능저하 없이 처리용량이 선형적으로 증가토록 구현"
[조달청]홈페이지_9.품질요구,"[QUR-012] 사용자 인증 및 제어: 1. 시스템에 사용자가 접근을 시도할 때 인증을 수행하여 접근토록 구축
2. 시스템은 사용자의 업무권한에 따라 데이터의 접근수준을 구분
3. 시스템에서 사용자가 일정시간 동안 작업이 없는 경우 자동으로 로그아웃되도록 구현"
[조달청]홈페이지_9.품질요구,"[QUR-013] 데이터 무결성: 1. 이용자 ID, 이용 시간, 조회 내용, 사용 현황 등의 조회 이력을 관리
2. 데이터 변경 이력과 데이터 접근 현황에 대한 로그 관리"
[조달청]홈페이지_10.제약사항,"[COR-001] 기본 제약사항: 1. 시스템 구축, 운영, 백업, 시스템 감시 및 보안, 비상복구 방법을 포함하여 운영과 관련된 시스템 전반에 관한 기술이전계획을 구체적으로 제시
2. 시스템 구축기간 동안 조달청이 정보기술 자문과 관련자료를 요구하는 경우 이에 성실히 응해야 함
3. 시스템 구축 후 안정적인 운영을 위한 기술이전 계획 제시
4. 사업 완료 후 최소 3개월 동안 운영요원 1인이 상주하면서 구축한 시스템의 유지보수 활동을 하며, 발생 비용은 사업수행업체가 부담 
5. 응용 Application 유지보수를 위한 기술이전 방안 수립 및 기타 시스템 운용과 기능 향상 등에 필요한 기술 지원 계획 제시"
[조달청]홈페이지_10.제약사항,"[COR-002] 개발 및 운영환경: 1. 현재 조달청 인프라를 고려하여 개발
2. 사이트별 개발환경 및 운영환경은 동일 플랫폼을 지향하고 복잡성을 최소화하여 향후 유지보수성을 높일 수 있도록 함
3. 전자정부 표준프레임워크 적용
- 개발환경, 실행환경, 운영환경을 적용하여 개발
- 공통컴포넌트의 경우 필요시 적용 대상을 선정하여 적용"
[조달청]홈페이지_10.제약사항,"[COR-003] 개발 및 보안지침 준수: 1. 정보시스템 구축·운영 지침 (행정안전부, 2012.03)
2. 조달청 정보보안 세부지침 (훈령제1403호, 2007.10)
3. 홈페이지 보안 취약점 대응 가이드(행정안전부, 2008.09)
4. 홈페이지 SW(웹) 개발보안 가이드(행정안전부, 2012.11)
5. 소프트웨어 개발보안(시큐어 코딩) 가이드(행정안전부, 2012.05)
6. 공공기관 홈페이지 개인정보 노출방지 가이드라인(행정안전부, 2012.07)
7. 전자정부 웹 표준 준수 지침(행정안전부, 2008.04)
8. 전자정부서비스 호환성 준수 지침(행정안전부, 2010.06)
9. 한국형 웹 접근성 지침 2.0(방송통신위원회, 2010.12)"
[조달청]홈페이지_10.제약사항,"[COR-004] 웹 접근성 준수: 1. 웹 접근성 품질 마크 획득
- 웹 접근성 품질마크(한국정보화진흥원), 웹 접근성 우수사이트(한국장애인인권포럼), 웹 접근성 인증마크(한국웹접근성평가원), 웹 접근성 품질마크(한국웹접근성평가센터) 중 1 개 의 인증(품질)마크 획득
- 무상 유지보수 기간 내에 인증서를 획득하여 제출
2. K-WAH 4.0 자동점검툴 통과(준수율 95% 이상) 및 자동점검툴에서 진단되지 않는 주관적 진단항목 준수
- 웹 접근성 평가 보고서 제출(3 depth 100 페이지 이상 점검)"
[조달청]홈페이지_10.제약사항,"[COR-005] 웹 표준 및 호환성 준수: 1. 웹 표준 문법을 준수하여 구축
- W3C Markup Validation (http://validator.w3.org)문법검사 통과
- W3C CSS Validation (http://jigsaw.w3.org/css-validator)문법검사 통과
2. 웹 호환성 확보로 크로스브라우징 지원
- 동작호환성 확보, 레이아웃 호환성 확보, 플로그인 호환성 확보
- 3종 이상 브라우저(IE 7이상, 파이어폭스, 사파리, 크롬 등) 지원"
[조달청]홈페이지_10.제약사항,"[COR-006] 웹 취약점 점검: 1. 웹 취약점 점검 및 결과 보고서 제출
- OWASP Top.10 권고안 포함 웹 취약점 점검
- 국가정보원의 8대 취약점 대상으로 점검
- 웹 취약점 점검 결과보고서 작성 및 제출"
[조달청]홈페이지_10.제약사항,"[COR-007] 반응형 웹 기술 적용: 1. 유동형 그리드/레이아웃
- 그리드를 상대적(% 단위 등)으로 지정하여 브라우저 크기에 따라 유동적으로 변환
2. 가변폭 미디어
- 너비가 변경되어도 웹 페이지 안의 미디어가 넘치지 않게 처리
3. 미디어 쿼리
- 다양한 브라우저에서 표현양식을 제어할 수 있는 기능 적용"
[조달청]홈페이지_10.제약사항,"[COR-008] 지적재산권 관련: 1.  본 사업 수행과 관련되어 개발된 프로그램(커스터마이징 포함) 및 산출물의 사용권, 소유권 및 저작권은 공동소유로 하며 조달청 임의로 사용이 가능 
2. 홈페이지내의 콘텐츠 및 디자인, 이미지 등에 대한 저작권 문제가 발생하지 않도록 구현
3. 시스템에 도입되어 설치된 상용 소프트웨어는 라이센스를 획득해야함"
[조달청]홈페이지_10.제약사항,[COR-009] 공개 SW 사용: 공개SW 사용이 적절한 분야는 공개SW사용을  권장함
[조달청]홈페이지_11.프로젝트관리,"[PMR-001] 개발방법론 활용방안 제시: 1. 시스템 구축, 운영, 백업, 시스템 감시 및 보안, 비상복구 방법을 포함하여 운영과 관련된 시스템 전반에 관한 기술이전계획을 구체적으로 제시
2. 시스템 구축기간 동안 조달청이 정보기술 자문과 관련자료를 요구하는 경우 이에 성실히 응해야 함
3. 시스템 구축 후 안정적인 운영을 위한 기술이전 계획 제시
4. 사업 완료 후 최소 3개월 동안 운영요원 1인이 상주하면서 구축한 시스템의 유지보수 활동을 하며, 발생 비용은 사업수행업체가 부담 
5. 응용 Application 유지보수를 위한 기술이전 방안 수립 및 기타 시스템 운용과 기능 향상 등에 필요한 기술 지원 계획 제시"
[조달청]홈페이지_11.프로젝트관리,"[PMR-002] 사업수행 계획 수립: 1. 선정된 사업자는 계약일로 부터 14일 이내에 계약서, 제안요청서, 제안서, 과업지시서 등을 근거로, 본 사업을 수행하기 위한 프로젝트 세부 수행계획서를 작성·제출
2. 모든 활동에 대한 업무 상세 정의와 일정 계획, 수행 방안 및 의사소통 방안, 기밀보장 방안 등 상세 프로젝트 계획을 제공
3. 본 사업 추진중에 이루어져야 할 각종 보고(정기/비정기) 계획을 상세히 제시
4. 계획에는 분석/설계/개발/테스트/이행 단계별로 정리
5. 사업의 착수보고는 조달청과 협의하여 시행 여부를 결정"
[조달청]홈페이지_11.프로젝트관리,"[PMR-003] 사업수행조직 구성: 1. 본 사업은 컨소시엄 구성을 허용함
- 구성 업체간 업무 분담(역할)과 협력 방안을 상세히 제시
- 프로젝트 추진 일정에 따른 인력 투입 계획(발주기관 투입 인력 감안)제시
2. 추진 조직 외에 본 사업을 성공적으로 수행할 수 있도록 지원 또는 자문조직 구성을 제시 가능함
3. 본 사업의 개발 용역 수행 인원(H/W, S/W 등 장비 설치 인원은 제외)을 구성함에 있어서 주관사업자(컨소시엄 구성시는 공동수급체를 의미)의 소속 회사 투입 인력(M/M기준)은 30% 이상이어야함"
[조달청]홈페이지_11.프로젝트관리,"[PMR-004] 투입 인력 일반 요건: 1. 본 사업에 투입되는 인력은 시스템의 안정적 지원을 위하여 계약기간 동안 근무가 가능한 인력을 투입
2. 불가피한 사정에 의한 인력 변경 시 사업수행업체는 최소한 15일 이전에 유자격 대체인력을 포함 변경사실을  사전 통보하여 승인을 받아야하며, 변경으로 인한 업무 공백이 발생하지 않도록 교육 및 백업 계획을 수립
3. 투입 전체 인원은 제안사가 분야별 인원을 명시하여 제시
4. 투입인력은 발주기관이 지정하는 장소에서 상주하는 것을 원칙으로 하되, 필요한 경우 발주기관과 협의하에 비상주 가능
5. 본 사업에 참여하는 모든 인원은 별도 양식에 의한 보안서약서를 제출"
[조달청]홈페이지_11.프로젝트관리,"[PMR-005] 투입 인력 자격 요건: 1. 기획/분석 인력
- 홈페이지 제작 기획, 콘텐츠 구성 및 제작 기획, 메뉴 구조 설계 가능 인력
- 사용자 요구 분석, 트랜드 분석, 사이트 기본 설계, UI 설계 등
2. 개발/시스템 관리 인력
- 전자정부 표준 프레임워크 사용경험 인력
- Javascript, Spring, JAVA, Oracle 등 사용 가능 인력
3. 디자이너/퍼블리싱 인력
- 디자인 시안 개발, 그래픽 디자인, HTML 및 CSS 작성 가능 인력
- 웹 접근성 및 호환성 점검 경험 인력
- Photoshop, IIIustrator, Flash 등
4. 사업관리 인력
- 주요 수행업무로 품질관리, 일정관리, 인력관리 등 사업의 전반적인 이해 및 웹 개발에 대한 이해 가능 인력"
[조달청]홈페이지_11.프로젝트관리,"[PMR-006] 투입 인력 및 장비 관리: 1. 사업 수행 시 프로젝트 팀 내부에 정보보안 책임자 및 담당자를 정해 보안업무를 관리하도록 하고, 투입인력에 대한 철저한 보안관리 대책을 제시
2. 사업수행 중 인지하거나 습득하게 된 조달청 관련 지식이나 기타 산출물이 외부로 유출되지 않도록 조치
3. 저작권을 침해할 수 있는 소프트웨어 및 문서를 보유하거나 본 사업을 위한 사용 불가
4. 본 사업을 수행하기 위해 사용하는 전산장비(PC, 모니터, 주변기기, 저장매체 등)는 사전 허가를 득하고 사용해야 하며 임의로 반출하거나 폐기불가"
[조달청]홈페이지_11.프로젝트관리,"[PMR-007] 일정관리: 1. 본 사업 수행을 위한 일정계획을 총괄적으로 상세히 제시
2. 추진 일정은 전체 일정과 세부 일정으로 구분하여 작성
3. 사업추진 일정이 변경될 경우 사업수행업체는 추진일정 변경 사유와 변경 내용에 대해 조달청에 보고하고 협의하여 확정"
[조달청]홈페이지_11.프로젝트관리,"[PMR-008] 품질보증: 1. 품질보증의 범위, 품질보증을 위한 조직, 절차, 점검 방법 등을 제시
2. 제안사는 품질보증을 보장하기 위한 품질보증 방안을 제시
3. 제안사가 대외적으로 인정받을 만한 품질보증 관련 인증을 받은 경우 이를 입증할 수 있는 근거 서류를 제시"
[조달청]홈페이지_11.프로젝트관리,"[PMR-009] 위험관리: 1. 보안, 일정지연, 품질저하, 장비 변경에 따르는 예산 초과 등 위험 발생을 사전 예방하고 발생시 사후 대처 방안을 제시
2. 프로젝트 추진 과정에서 요구되는 진척/위험/변경사항의 관리 방안 및 지속적으로 문제를 파악 관리할 수 있는 방안 제시
3. 데이터 통합 및 이행시 누락 데이터 방지 계획을 기술적으로 제시"
[조달청]홈페이지_11.프로젝트관리,"[PMR-010] 산출물 관리: 1. 개발방법론에 따른 제출할 주요 산출물 목록을 제시
2. 산출물 목록 및 제출시기
- 각 단계별 사업수행완료 시 오브젝트 산출물은 별도 제출
- 각 산출물은 그 내용이 담긴 CD-ROM(또는 발주기관에서 요구하는 매체(USB 등))도 함께 제출"
[조달청]홈페이지_11.프로젝트관리,"[PMR-011] 사용자 매뉴얼: 1. 매뉴얼은 사용자 유형별(일반사용자, 업무담당자 등)로 구분하여 작성하며, 매뉴얼에는 각 사용자들이 사용할 수 있는 기능을 모두 포함하고, 다음과 같은 정보를 포함
- 사용자 매뉴얼은 화면이 바뀌는 단위를 기준으로 사용 방법을 설명
- 사용자 매뉴얼 제공정보: 목표시스템 세부기능 사용 방법, SW를 설치해야 하는 경우 해당 SW 설치 및 제거 방법
2. 사용자 매뉴얼은 시범운영 전에 제출"
[조달청]홈페이지_11.프로젝트관리,"[PMR-012] 운영자 매뉴얼: 1. 시스템의 원활한 운영·관리를 위해 운영자 매뉴얼에는 다음과 같은 정보를 포함
- 목표시스템 내에 설치된 각종 SW(WAS, DBMS 등) 실행 방법
- 목표시스템 실행 방법
- 목표시스템 및 SW 구성 항목(Configuration) 값 및 설정 방법
- 프로그램 목록 설명, 제공 기능
- 타 시스템과 연계시 송수신 데이터 연계 방법
- 로그 확인 및 분석 방법
- 장애발생 시 조치방법 및 사용법"
[조달청]홈페이지_11.프로젝트관리,"[PMR-013] 벤치마킹 수행: 1. 공공기관 및 민간기관 우수 홈페이지 벤치마킹 수행 방안 제시
- 공공기관 및 민간기관 중 사업부서와 협의하여 공공기관 3개, 민간기관 2개 이상의 기관을 선정하여 벤치마킹 수행
2. 벤치마킹 수행 결과 보고서 제출
- 벤치마킹 수행 결과에 따른 홈페이지 구성 및 디자인, 콘텐츠 설계, 기능개선 등의 방향을 설정"
[조달청]홈페이지_11.프로젝트관리,"[PMR-014] 부서별 요구사항 분석: 1. 실무부서 요구사항 분석 방안 제시
- 조달청 홈페이지의 콘텐츠별 실무 부서의 요구사항 분석을 위한 설문조사 또는 인터뷰 수행 방안 제시
- 실무 부서 요구사항 분석 결과에 대해 사업부서와 협의하여  반영 여부 결정
2. 실무부서 요구사항 분석 결과 보고서 제출"
[조달청]홈페이지_11.프로젝트관리,"[PMR-015] EA 현행화: 1. 사업 수행 기간 동안 ""아키텍처작업팀""을 구성하여 동 사업과 관련되어 수정 변경이 발생하는 정보기술 아키텍처의 진화 관리 및 현행화 작업을 수행
2. 사업 종료 전 발주기관에서 제시한 서식에 의거 변경이 발생한 부분에 대한 결과물을 EAMS에 현행화"
[조달청]홈페이지_11.프로젝트관리,"[PMR-016] 홈페이지 만족도 조사: 1. 홈페이지 개편 완료 후 홈페이지 사용자를 대상으로 만족도 조사 실시
2. 결과보고서 제출 및 개선사항 홈페이지 반영"
[조달청]홈페이지_12.프로젝트지원,"[PSR-001] 기술이전 및 지원: 1. 시스템 구축, 운영, 백업, 시스템 감시 및 보안, 비상복구 방법을 포함하여 운영과 관련된 시스템 전반에 관한 기술이전계획을 구체적으로 제시
2. 시스템 구축기간 동안 조달청이 정보기술 자문과 관련자료를 요구하는 경우 이에 성실히 응해야 함
3. 시스템 구축 후 안정적인 운영을 위한 기술이전 계획 제시
4. 사업 완료 후 최소 3개월 동안 운영요원 1인이 상주하면서 구축한 시스템의 유지보수 활동을 하며, 발생 비용은 사업수행업체가 부담 
5. 응용 Application 유지보수를 위한 기술이전 방안 수립 및 기타 시스템 운용과 기능 향상 등에 필요한 기술 지원 계획 제시"
[조달청]홈페이지_12.프로젝트지원,"[PSR-002] 장애관리 및 백업: 1. 시스템에 이상 발생 시 장애접수 후 4시간 이내에 정상으로 복구 가능해야하며, 신속하게 장애를 처리해야함
2. 장애발생 시 원인분석 및 복구 등 즉각 조치가 가능하도록 기술지원 부서 및 전문인력 투입, 유지보수 업체와의 비상연락망 가동 등 장애대응 방안을 제시
3. 시스템 관리 담당자를 지정하고 주기적으로 시스템 모니터링, 백업/복구 및 작업관리를 실시
4. 장애조치 완료 후에 처리사항에 대한 철저한 기록관리를 수행
5. 시스템은 장애 복구 시간 중에 장애상황을 공지하도록 구현"
[조달청]홈페이지_12.프로젝트지원,"[PSR-003] 교육지원: 1. 체계적이고 효율적인 교육 수행을 위한 교육훈련 계획을 제시
- 교육 일정 및 장소, 내용 등을 기타 제반사항은 발주기관과 협의하여 결정
- 사용자 및 관리자 교육 실시를 위한 교육계획서 제출
2. 조달청의 업무담당자 및 시스템운영자에 대해 사용 및 기술교육을 실시하여야 하며, 교육장소 및 교육비용은 발주기관과 협의하여 결정
 - 업무담당자 : 개발된 S/W 사용방법 교육
 - 시스템운영자 : 운영자 매뉴얼에 의한 운영관리 전반 교육"
[조달청]홈페이지_12.프로젝트지원,"[PSR-004] 하자·유지보수: 1. 무상 하자보수는 일괄 수행체계를 갖추고 시스템구축 완료 (검수) 후 1년으로 하며, 동기간 중 시스템의 하자 발생 시 즉시 보완해야함
- 납품업체는 조달청 납품 검사 시 하자보증 이행 각서를 제출
- 하자보증 이행 시 조달청은 최초 납품한 규격, 성능, 용량 이상의 제품을 납품해 줄 것을 요구할 수 있으며 납품업체는 이에 응해야 함
- 하자보증 이행으로 발생하는 모든 비용은 납품업체가 부담
2. 하자보수 범위는 개발시스템 및 도입된 하드웨어, 소프트웨어, 네트워크 장비를 포함하는 전체 시스스템으로함
3. 시스템 안정화기간은 시스템 구축 완료 후 3개월로함"
[조달청]홈페이지_12.프로젝트지원,"[PSR-005] 추가제안: 제안사의 창의적인 판단에 따라 상기 제안 요청 이외에 사업에 필요하다고 판단되는 사항, 시스템 개발에 필요한 전제사항, 요구사항 등을 제시"
